campaign_group	resource	initial_amount
#campaign_group_pooled_resources_tables;1;db/campaign_group_pooled_resources_tables/derpy_chd_zharr_exchange
wh3_dlc23_feature_chaos_dwarfs	derpy_chd_ex_hold_animals	0
wh_main_feature_all	derpy_chd_ex_hold_animals	0
wh3_dlc23_feature_chaos_dwarfs	derpy_chd_ex_hold_dyes	0
wh_main_feature_all	derpy_chd_ex_hold_dyes	0
wh3_dlc23_feature_chaos_dwarfs	derpy_chd_ex_hold_gems	0
wh_main_feature_all	derpy_chd_ex_hold_gems	0
wh3_dlc23_feature_chaos_dwarfs	derpy_chd_ex_hold_gold_idols	0
wh_main_feature_all	derpy_chd_ex_hold_gold_idols	0
wh3_dlc23_feature_chaos_dwarfs	derpy_chd_ex_hold_ivory	0
wh_main_feature_all	derpy_chd_ex_hold_ivory	0
wh3_dlc23_feature_chaos_dwarfs	derpy_chd_ex_hold_medicine	0
wh_main_feature_all	derpy_chd_ex_hold_medicine	0
wh3_dlc23_feature_chaos_dwarfs	derpy_chd_ex_hold_obsidian	0
wh_main_feature_all	derpy_chd_ex_hold_obsidian	0
wh3_dlc23_feature_chaos_dwarfs	derpy_chd_ex_hold_rom_furs	0
wh_main_feature_all	derpy_chd_ex_hold_rom_furs	0
wh3_dlc23_feature_chaos_dwarfs	derpy_chd_ex_hold_rom_glass	0
wh_main_feature_all	derpy_chd_ex_hold_rom_glass	0
wh3_dlc23_feature_chaos_dwarfs	derpy_chd_ex_hold_rom_iron	0
wh_main_feature_all	derpy_chd_ex_hold_rom_iron	0
wh3_dlc23_feature_chaos_dwarfs	derpy_chd_ex_hold_rom_lead	0
wh_main_feature_all	derpy_chd_ex_hold_rom_lead	0
wh3_dlc23_feature_chaos_dwarfs	derpy_chd_ex_hold_rom_marble	0
wh_main_feature_all	derpy_chd_ex_hold_rom_marble	0
wh3_dlc23_feature_chaos_dwarfs	derpy_chd_ex_hold_rom_textiles	0
wh_main_feature_all	derpy_chd_ex_hold_rom_textiles	0
wh3_dlc23_feature_chaos_dwarfs	derpy_chd_ex_hold_rom_timber	0
wh_main_feature_all	derpy_chd_ex_hold_rom_timber	0
wh3_dlc23_feature_chaos_dwarfs	derpy_chd_ex_hold_rom_wine	0
wh_main_feature_all	derpy_chd_ex_hold_rom_wine	0
wh3_dlc23_feature_chaos_dwarfs	derpy_chd_ex_hold_spices	0
wh_main_feature_all	derpy_chd_ex_hold_spices	0
wh3_dlc23_feature_chaos_dwarfs	derpy_chd_ex_hold_trinkets	0
wh_main_feature_all	derpy_chd_ex_hold_trinkets	0
wh3_dlc23_feature_chaos_dwarfs	derpy_chd_ex_hold_derpy_amber	0
wh_main_feature_all	derpy_chd_ex_hold_derpy_amber	0
wh3_dlc23_feature_chaos_dwarfs	derpy_chd_ex_hold_derpy_black_lotus	0
wh_main_feature_all	derpy_chd_ex_hold_derpy_black_lotus	0
wh3_dlc23_feature_chaos_dwarfs	derpy_chd_ex_hold_derpy_blackpowder	0
wh_main_feature_all	derpy_chd_ex_hold_derpy_blackpowder	0
wh3_dlc23_feature_chaos_dwarfs	derpy_chd_ex_hold_derpy_books	0
wh_main_feature_all	derpy_chd_ex_hold_derpy_books	0
wh3_dlc23_feature_chaos_dwarfs	derpy_chd_ex_hold_derpy_brass	0
wh_main_feature_all	derpy_chd_ex_hold_derpy_brass	0
wh3_dlc23_feature_chaos_dwarfs	derpy_chd_ex_hold_derpy_brimstone	0
wh_main_feature_all	derpy_chd_ex_hold_derpy_brimstone	0
wh3_dlc23_feature_chaos_dwarfs	derpy_chd_ex_hold_derpy_carpets	0
wh_main_feature_all	derpy_chd_ex_hold_derpy_carpets	0
wh3_dlc23_feature_chaos_dwarfs	derpy_chd_ex_hold_derpy_coal	0
wh_main_feature_all	derpy_chd_ex_hold_derpy_coal	0
wh3_dlc23_feature_chaos_dwarfs	derpy_chd_ex_hold_derpy_dragon_bone	0
wh_main_feature_all	derpy_chd_ex_hold_derpy_dragon_bone	0
wh3_dlc23_feature_chaos_dwarfs	derpy_chd_ex_hold_derpy_feathers	0
wh_main_feature_all	derpy_chd_ex_hold_derpy_feathers	0
wh3_dlc23_feature_chaos_dwarfs	derpy_chd_ex_hold_derpy_glassware	0
wh_main_feature_all	derpy_chd_ex_hold_derpy_glassware	0
wh3_dlc23_feature_chaos_dwarfs	derpy_chd_ex_hold_derpy_grain	0
wh_main_feature_all	derpy_chd_ex_hold_derpy_grain	0
wh3_dlc23_feature_chaos_dwarfs	derpy_chd_ex_hold_derpy_gromril	0
wh_main_feature_all	derpy_chd_ex_hold_derpy_gromril	0
wh3_dlc23_feature_chaos_dwarfs	derpy_chd_ex_hold_derpy_incense	0
wh_main_feature_all	derpy_chd_ex_hold_derpy_incense	0
wh3_dlc23_feature_chaos_dwarfs	derpy_chd_ex_hold_derpy_ithilmar	0
wh_main_feature_all	derpy_chd_ex_hold_derpy_ithilmar	0
wh3_dlc23_feature_chaos_dwarfs	derpy_chd_ex_hold_derpy_jade	0
wh_main_feature_all	derpy_chd_ex_hold_derpy_jade	0
wh3_dlc23_feature_chaos_dwarfs	derpy_chd_ex_hold_derpy_kvas	0
wh_main_feature_all	derpy_chd_ex_hold_derpy_kvas	0
wh3_dlc23_feature_chaos_dwarfs	derpy_chd_ex_hold_derpy_lustrian_plumes	0
wh_main_feature_all	derpy_chd_ex_hold_derpy_lustrian_plumes	0
wh3_dlc23_feature_chaos_dwarfs	derpy_chd_ex_hold_derpy_mead	0
wh_main_feature_all	derpy_chd_ex_hold_derpy_mead	0
wh3_dlc23_feature_chaos_dwarfs	derpy_chd_ex_hold_derpy_olive_oil	0
wh_main_feature_all	derpy_chd_ex_hold_derpy_olive_oil	0
wh3_dlc23_feature_chaos_dwarfs	derpy_chd_ex_hold_derpy_pearls	0
wh_main_feature_all	derpy_chd_ex_hold_derpy_pearls	0
wh3_dlc23_feature_chaos_dwarfs	derpy_chd_ex_hold_derpy_pipeweed	0
wh_main_feature_all	derpy_chd_ex_hold_derpy_pipeweed	0
wh3_dlc23_feature_chaos_dwarfs	derpy_chd_ex_hold_derpy_porcelain	0
wh_main_feature_all	derpy_chd_ex_hold_derpy_porcelain	0
wh3_dlc23_feature_chaos_dwarfs	derpy_chd_ex_hold_derpy_quicksilver	0
wh_main_feature_all	derpy_chd_ex_hold_derpy_quicksilver	0
wh3_dlc23_feature_chaos_dwarfs	derpy_chd_ex_hold_derpy_rhinox_hides	0
wh_main_feature_all	derpy_chd_ex_hold_derpy_rhinox_hides	0
wh3_dlc23_feature_chaos_dwarfs	derpy_chd_ex_hold_derpy_rum	0
wh_main_feature_all	derpy_chd_ex_hold_derpy_rum	0
wh3_dlc23_feature_chaos_dwarfs	derpy_chd_ex_hold_derpy_salted_fish	0
wh_main_feature_all	derpy_chd_ex_hold_derpy_salted_fish	0
wh3_dlc23_feature_chaos_dwarfs	derpy_chd_ex_hold_derpy_salted_meat	0
wh_main_feature_all	derpy_chd_ex_hold_derpy_salted_meat	0
wh3_dlc23_feature_chaos_dwarfs	derpy_chd_ex_hold_derpy_sea_dragon_hide	0
wh_main_feature_all	derpy_chd_ex_hold_derpy_sea_dragon_hide	0
wh3_dlc23_feature_chaos_dwarfs	derpy_chd_ex_hold_derpy_silk	0
wh_main_feature_all	derpy_chd_ex_hold_derpy_silk	0
wh3_dlc23_feature_chaos_dwarfs	derpy_chd_ex_hold_derpy_silver	0
wh_main_feature_all	derpy_chd_ex_hold_derpy_silver	0
wh3_dlc23_feature_chaos_dwarfs	derpy_chd_ex_hold_derpy_starwood	0
wh_main_feature_all	derpy_chd_ex_hold_derpy_starwood	0
wh3_dlc23_feature_chaos_dwarfs	derpy_chd_ex_hold_derpy_tea	0
wh_main_feature_all	derpy_chd_ex_hold_derpy_tea	0
wh3_dlc23_feature_chaos_dwarfs	derpy_chd_ex_hold_derpy_warhorses	0
wh_main_feature_all	derpy_chd_ex_hold_derpy_warhorses	0
wh3_dlc23_feature_chaos_dwarfs	derpy_chd_ex_hold_derpy_whale_oil	0
wh_main_feature_all	derpy_chd_ex_hold_derpy_whale_oil	0
wh3_dlc23_feature_chaos_dwarfs	derpy_chd_ex_hold_derpy_wool	0
wh_main_feature_all	derpy_chd_ex_hold_derpy_wool	0
wh3_dlc23_feature_chaos_dwarfs	derpy_chd_ex_hold_derpy_wyvern_scales	0
wh_main_feature_all	derpy_chd_ex_hold_derpy_wyvern_scales	0
