effect_bundle_key	effect_key	effect_scope	value	advancement_stage
#effect_bundles_to_effects_junctions_tables;3;db/effect_bundles_to_effects_junctions_tables/derpy_chd_zharr_exchange
derpy_chd_ex_trade_neg40	wh_main_effect_economy_trade_good_commodity_mod	faction_to_faction_own	-40.0000	start_turn_completed
derpy_chd_ex_trade_neg30	wh_main_effect_economy_trade_good_commodity_mod	faction_to_faction_own	-30.0000	start_turn_completed
derpy_chd_ex_trade_neg20	wh_main_effect_economy_trade_good_commodity_mod	faction_to_faction_own	-20.0000	start_turn_completed
derpy_chd_ex_trade_neg10	wh_main_effect_economy_trade_good_commodity_mod	faction_to_faction_own	-10.0000	start_turn_completed
derpy_chd_ex_trade_pos10	wh_main_effect_economy_trade_good_commodity_mod	faction_to_faction_own	10.0000	start_turn_completed
derpy_chd_ex_trade_pos20	wh_main_effect_economy_trade_good_commodity_mod	faction_to_faction_own	20.0000	start_turn_completed
derpy_chd_ex_trade_pos30	wh_main_effect_economy_trade_good_commodity_mod	faction_to_faction_own	30.0000	start_turn_completed
derpy_chd_ex_trade_pos40	wh_main_effect_economy_trade_good_commodity_mod	faction_to_faction_own	40.0000	start_turn_completed
derpy_chd_ex_pos_neg02	wh_main_effect_force_all_campaign_replenishment_rate	faction_to_force_own	-6.0000	start_turn_completed
derpy_chd_ex_pos_neg01	wh_main_effect_force_all_campaign_replenishment_rate	faction_to_force_own	-3.0000	start_turn_completed
derpy_chd_ex_pos_pos01	wh_main_effect_force_all_campaign_replenishment_rate	faction_to_force_own	3.0000	start_turn_completed
derpy_chd_ex_pos_pos02	wh_main_effect_force_all_campaign_replenishment_rate	faction_to_force_own	6.0000	start_turn_completed
derpy_chd_ex_stock_animals_1	wh3_dlc23_effect_force_chd_campaign_post_battle_labour	faction_to_character_own_factionwide_armytext	5.0000	start_turn_completed
derpy_chd_ex_stock_animals_2	wh3_dlc23_effect_force_chd_campaign_post_battle_labour	faction_to_character_own_factionwide_armytext	10.0000	start_turn_completed
derpy_chd_ex_stock_animals_3	wh3_dlc23_effect_force_chd_campaign_post_battle_labour	faction_to_character_own_factionwide_armytext	15.0000	start_turn_completed
derpy_chd_ex_stock_dyes_1	wh_main_effect_economy_trade_tariff_mod	faction_to_faction_own_unseen	3.0000	start_turn_completed
derpy_chd_ex_stock_dyes_2	wh_main_effect_economy_trade_tariff_mod	faction_to_faction_own_unseen	6.0000	start_turn_completed
derpy_chd_ex_stock_dyes_3	wh_main_effect_economy_trade_tariff_mod	faction_to_faction_own_unseen	9.0000	start_turn_completed
derpy_chd_ex_stock_gems_1	wh_main_effect_economy_trade_tariff_mod	faction_to_faction_own_unseen	3.0000	start_turn_completed
derpy_chd_ex_stock_gems_2	wh_main_effect_economy_trade_tariff_mod	faction_to_faction_own_unseen	6.0000	start_turn_completed
derpy_chd_ex_stock_gems_3	wh_main_effect_economy_trade_tariff_mod	faction_to_faction_own_unseen	9.0000	start_turn_completed
derpy_chd_ex_stock_gold_idols_1	wh2_main_effect_agent_cap_increase_all_heroes	faction_to_faction_own_unseen	1.0000	start_turn_completed
derpy_chd_ex_stock_gold_idols_2	wh2_main_effect_agent_cap_increase_all_heroes	faction_to_faction_own_unseen	2.0000	start_turn_completed
derpy_chd_ex_stock_gold_idols_3	wh2_main_effect_agent_cap_increase_all_heroes	faction_to_faction_own_unseen	3.0000	start_turn_completed
derpy_chd_ex_stock_ivory_1	wh_main_effect_technology_research_points	faction_to_faction_own_unseen	2.0000	start_turn_completed
derpy_chd_ex_stock_ivory_2	wh_main_effect_technology_research_points	faction_to_faction_own_unseen	4.0000	start_turn_completed
derpy_chd_ex_stock_ivory_3	wh_main_effect_technology_research_points	faction_to_faction_own_unseen	6.0000	start_turn_completed
derpy_chd_ex_stock_medicine_1	wh_main_effect_force_all_campaign_replenishment_rate	faction_to_force_own	3.0000	start_turn_completed
derpy_chd_ex_stock_medicine_2	wh_main_effect_force_all_campaign_replenishment_rate	faction_to_force_own	6.0000	start_turn_completed
derpy_chd_ex_stock_medicine_3	wh_main_effect_force_all_campaign_replenishment_rate	faction_to_force_own	9.0000	start_turn_completed
derpy_chd_ex_stock_obsidian_1	wh3_main_effect_winds_of_magic_pool_cap	faction_to_force_own	5.0000	start_turn_completed
derpy_chd_ex_stock_obsidian_2	wh3_main_effect_winds_of_magic_pool_cap	faction_to_force_own	10.0000	start_turn_completed
derpy_chd_ex_stock_obsidian_3	wh3_main_effect_winds_of_magic_pool_cap	faction_to_force_own	15.0000	start_turn_completed
derpy_chd_ex_stock_rom_furs_1	wh_main_effect_force_all_campaign_movement_range	faction_to_force_own	3.0000	start_turn_completed
derpy_chd_ex_stock_rom_furs_2	wh_main_effect_force_all_campaign_movement_range	faction_to_force_own	6.0000	start_turn_completed
derpy_chd_ex_stock_rom_furs_3	wh_main_effect_force_all_campaign_movement_range	faction_to_force_own	9.0000	start_turn_completed
derpy_chd_ex_stock_rom_glass_1	wh_main_effect_public_order_faction	faction_to_province_own	2.0000	start_turn_completed
derpy_chd_ex_stock_rom_glass_2	wh_main_effect_public_order_faction	faction_to_province_own	4.0000	start_turn_completed
derpy_chd_ex_stock_rom_glass_3	wh_main_effect_public_order_faction	faction_to_province_own	6.0000	start_turn_completed
derpy_chd_ex_stock_rom_iron_1	wh_main_effect_force_stat_armour	faction_to_force_own	2.0000	start_turn_completed
derpy_chd_ex_stock_rom_iron_2	wh_main_effect_force_stat_armour	faction_to_force_own	4.0000	start_turn_completed
derpy_chd_ex_stock_rom_iron_3	wh_main_effect_force_stat_armour	faction_to_force_own	6.0000	start_turn_completed
derpy_chd_ex_stock_rom_lead_1	wh_main_effect_force_all_campaign_replenishment_rate	faction_to_force_own	3.0000	start_turn_completed
derpy_chd_ex_stock_rom_lead_2	wh_main_effect_force_all_campaign_replenishment_rate	faction_to_force_own	6.0000	start_turn_completed
derpy_chd_ex_stock_rom_lead_3	wh_main_effect_force_all_campaign_replenishment_rate	faction_to_force_own	9.0000	start_turn_completed
derpy_chd_ex_stock_rom_marble_1	wh_main_effect_building_construction_cost_mod_all	faction_to_region_own	-3.0000	start_turn_completed
derpy_chd_ex_stock_rom_marble_2	wh_main_effect_building_construction_cost_mod_all	faction_to_region_own	-6.0000	start_turn_completed
derpy_chd_ex_stock_rom_marble_3	wh_main_effect_building_construction_cost_mod_all	faction_to_region_own	-9.0000	start_turn_completed
derpy_chd_ex_stock_rom_textiles_1	wh_main_effect_force_all_campaign_recruitment_cost_all	faction_to_force_own	-3.0000	start_turn_completed
derpy_chd_ex_stock_rom_textiles_2	wh_main_effect_force_all_campaign_recruitment_cost_all	faction_to_force_own	-6.0000	start_turn_completed
derpy_chd_ex_stock_rom_textiles_3	wh_main_effect_force_all_campaign_recruitment_cost_all	faction_to_force_own	-9.0000	start_turn_completed
derpy_chd_ex_stock_rom_timber_1	wh_main_effect_building_construction_cost_mod_all	faction_to_region_own	-3.0000	start_turn_completed
derpy_chd_ex_stock_rom_timber_2	wh_main_effect_building_construction_cost_mod_all	faction_to_region_own	-6.0000	start_turn_completed
derpy_chd_ex_stock_rom_timber_3	wh_main_effect_building_construction_cost_mod_all	faction_to_region_own	-9.0000	start_turn_completed
derpy_chd_ex_stock_rom_wine_1	wh_main_effect_public_order_faction	faction_to_province_own	2.0000	start_turn_completed
derpy_chd_ex_stock_rom_wine_2	wh_main_effect_public_order_faction	faction_to_province_own	4.0000	start_turn_completed
derpy_chd_ex_stock_rom_wine_3	wh_main_effect_public_order_faction	faction_to_province_own	6.0000	start_turn_completed
derpy_chd_ex_stock_spices_1	wh_main_effect_public_order_faction	faction_to_province_own	2.0000	start_turn_completed
derpy_chd_ex_stock_spices_2	wh_main_effect_public_order_faction	faction_to_province_own	4.0000	start_turn_completed
derpy_chd_ex_stock_spices_3	wh_main_effect_public_order_faction	faction_to_province_own	6.0000	start_turn_completed
derpy_chd_ex_stock_trinkets_1	wh_main_effect_economy_trade_tariff_mod	faction_to_faction_own_unseen	3.0000	start_turn_completed
derpy_chd_ex_stock_trinkets_2	wh_main_effect_economy_trade_tariff_mod	faction_to_faction_own_unseen	6.0000	start_turn_completed
derpy_chd_ex_stock_trinkets_3	wh_main_effect_economy_trade_tariff_mod	faction_to_faction_own_unseen	9.0000	start_turn_completed
derpy_chd_ex_stock_derpy_amber_1	wh_main_effect_economy_trade_tariff_mod	faction_to_faction_own_unseen	3.0000	start_turn_completed
derpy_chd_ex_stock_derpy_amber_2	wh_main_effect_economy_trade_tariff_mod	faction_to_faction_own_unseen	6.0000	start_turn_completed
derpy_chd_ex_stock_derpy_amber_3	wh_main_effect_economy_trade_tariff_mod	faction_to_faction_own_unseen	9.0000	start_turn_completed
derpy_chd_ex_stock_derpy_black_lotus_1	wh2_main_effect_agent_cap_increase_all_heroes	faction_to_faction_own_unseen	1.0000	start_turn_completed
derpy_chd_ex_stock_derpy_black_lotus_2	wh2_main_effect_agent_cap_increase_all_heroes	faction_to_faction_own_unseen	2.0000	start_turn_completed
derpy_chd_ex_stock_derpy_black_lotus_3	wh2_main_effect_agent_cap_increase_all_heroes	faction_to_faction_own_unseen	3.0000	start_turn_completed
derpy_chd_ex_stock_derpy_blackpowder_1	wh_main_effect_force_all_campaign_recruitment_cost_all	faction_to_force_own	-3.0000	start_turn_completed
derpy_chd_ex_stock_derpy_blackpowder_2	wh_main_effect_force_all_campaign_recruitment_cost_all	faction_to_force_own	-6.0000	start_turn_completed
derpy_chd_ex_stock_derpy_blackpowder_3	wh_main_effect_force_all_campaign_recruitment_cost_all	faction_to_force_own	-9.0000	start_turn_completed
derpy_chd_ex_stock_derpy_books_1	wh_main_effect_technology_research_points	faction_to_faction_own_unseen	2.0000	start_turn_completed
derpy_chd_ex_stock_derpy_books_2	wh_main_effect_technology_research_points	faction_to_faction_own_unseen	4.0000	start_turn_completed
derpy_chd_ex_stock_derpy_books_3	wh_main_effect_technology_research_points	faction_to_faction_own_unseen	6.0000	start_turn_completed
derpy_chd_ex_stock_derpy_brass_1	wh_main_effect_force_stat_armour	faction_to_force_own	2.0000	start_turn_completed
derpy_chd_ex_stock_derpy_brass_2	wh_main_effect_force_stat_armour	faction_to_force_own	4.0000	start_turn_completed
derpy_chd_ex_stock_derpy_brass_3	wh_main_effect_force_stat_armour	faction_to_force_own	6.0000	start_turn_completed
derpy_chd_ex_stock_derpy_brimstone_1	wh3_main_effect_winds_of_magic_pool_cap	faction_to_force_own	5.0000	start_turn_completed
derpy_chd_ex_stock_derpy_brimstone_2	wh3_main_effect_winds_of_magic_pool_cap	faction_to_force_own	10.0000	start_turn_completed
derpy_chd_ex_stock_derpy_brimstone_3	wh3_main_effect_winds_of_magic_pool_cap	faction_to_force_own	15.0000	start_turn_completed
derpy_chd_ex_stock_derpy_carpets_1	wh_main_effect_economy_trade_tariff_mod	faction_to_faction_own_unseen	3.0000	start_turn_completed
derpy_chd_ex_stock_derpy_carpets_2	wh_main_effect_economy_trade_tariff_mod	faction_to_faction_own_unseen	6.0000	start_turn_completed
derpy_chd_ex_stock_derpy_carpets_3	wh_main_effect_economy_trade_tariff_mod	faction_to_faction_own_unseen	9.0000	start_turn_completed
derpy_chd_ex_stock_derpy_coal_1	wh_main_effect_building_construction_cost_mod_all	faction_to_region_own	-3.0000	start_turn_completed
derpy_chd_ex_stock_derpy_coal_2	wh_main_effect_building_construction_cost_mod_all	faction_to_region_own	-6.0000	start_turn_completed
derpy_chd_ex_stock_derpy_coal_3	wh_main_effect_building_construction_cost_mod_all	faction_to_region_own	-9.0000	start_turn_completed
derpy_chd_ex_stock_derpy_dragon_bone_1	wh2_main_effect_agent_cap_increase_all_heroes	faction_to_faction_own_unseen	1.0000	start_turn_completed
derpy_chd_ex_stock_derpy_dragon_bone_2	wh2_main_effect_agent_cap_increase_all_heroes	faction_to_faction_own_unseen	2.0000	start_turn_completed
derpy_chd_ex_stock_derpy_dragon_bone_3	wh2_main_effect_agent_cap_increase_all_heroes	faction_to_faction_own_unseen	3.0000	start_turn_completed
derpy_chd_ex_stock_derpy_feathers_1	wh_main_effect_force_all_campaign_movement_range	faction_to_force_own	3.0000	start_turn_completed
derpy_chd_ex_stock_derpy_feathers_2	wh_main_effect_force_all_campaign_movement_range	faction_to_force_own	6.0000	start_turn_completed
derpy_chd_ex_stock_derpy_feathers_3	wh_main_effect_force_all_campaign_movement_range	faction_to_force_own	9.0000	start_turn_completed
derpy_chd_ex_stock_derpy_glassware_1	wh_main_effect_economy_trade_tariff_mod	faction_to_faction_own_unseen	3.0000	start_turn_completed
derpy_chd_ex_stock_derpy_glassware_2	wh_main_effect_economy_trade_tariff_mod	faction_to_faction_own_unseen	6.0000	start_turn_completed
derpy_chd_ex_stock_derpy_glassware_3	wh_main_effect_economy_trade_tariff_mod	faction_to_faction_own_unseen	9.0000	start_turn_completed
derpy_chd_ex_stock_derpy_grain_1	wh_main_effect_force_all_campaign_replenishment_rate	faction_to_force_own	3.0000	start_turn_completed
derpy_chd_ex_stock_derpy_grain_2	wh_main_effect_force_all_campaign_replenishment_rate	faction_to_force_own	6.0000	start_turn_completed
derpy_chd_ex_stock_derpy_grain_3	wh_main_effect_force_all_campaign_replenishment_rate	faction_to_force_own	9.0000	start_turn_completed
derpy_chd_ex_stock_derpy_gromril_1	wh_main_effect_force_stat_armour	faction_to_force_own	2.0000	start_turn_completed
derpy_chd_ex_stock_derpy_gromril_2	wh_main_effect_force_stat_armour	faction_to_force_own	4.0000	start_turn_completed
derpy_chd_ex_stock_derpy_gromril_3	wh_main_effect_force_stat_armour	faction_to_force_own	6.0000	start_turn_completed
derpy_chd_ex_stock_derpy_incense_1	wh3_main_effect_winds_of_magic_pool_cap	faction_to_force_own	5.0000	start_turn_completed
derpy_chd_ex_stock_derpy_incense_2	wh3_main_effect_winds_of_magic_pool_cap	faction_to_force_own	10.0000	start_turn_completed
derpy_chd_ex_stock_derpy_incense_3	wh3_main_effect_winds_of_magic_pool_cap	faction_to_force_own	15.0000	start_turn_completed
derpy_chd_ex_stock_derpy_ithilmar_1	wh_main_effect_force_stat_armour	faction_to_force_own	2.0000	start_turn_completed
derpy_chd_ex_stock_derpy_ithilmar_2	wh_main_effect_force_stat_armour	faction_to_force_own	4.0000	start_turn_completed
derpy_chd_ex_stock_derpy_ithilmar_3	wh_main_effect_force_stat_armour	faction_to_force_own	6.0000	start_turn_completed
derpy_chd_ex_stock_derpy_jade_1	wh_main_effect_economy_trade_tariff_mod	faction_to_faction_own_unseen	3.0000	start_turn_completed
derpy_chd_ex_stock_derpy_jade_2	wh_main_effect_economy_trade_tariff_mod	faction_to_faction_own_unseen	6.0000	start_turn_completed
derpy_chd_ex_stock_derpy_jade_3	wh_main_effect_economy_trade_tariff_mod	faction_to_faction_own_unseen	9.0000	start_turn_completed
derpy_chd_ex_stock_derpy_kvas_1	wh_main_effect_public_order_faction	faction_to_province_own	2.0000	start_turn_completed
derpy_chd_ex_stock_derpy_kvas_2	wh_main_effect_public_order_faction	faction_to_province_own	4.0000	start_turn_completed
derpy_chd_ex_stock_derpy_kvas_3	wh_main_effect_public_order_faction	faction_to_province_own	6.0000	start_turn_completed
derpy_chd_ex_stock_derpy_lustrian_plumes_1	wh_main_effect_economy_trade_tariff_mod	faction_to_faction_own_unseen	3.0000	start_turn_completed
derpy_chd_ex_stock_derpy_lustrian_plumes_2	wh_main_effect_economy_trade_tariff_mod	faction_to_faction_own_unseen	6.0000	start_turn_completed
derpy_chd_ex_stock_derpy_lustrian_plumes_3	wh_main_effect_economy_trade_tariff_mod	faction_to_faction_own_unseen	9.0000	start_turn_completed
derpy_chd_ex_stock_derpy_mead_1	wh_main_effect_public_order_faction	faction_to_province_own	2.0000	start_turn_completed
derpy_chd_ex_stock_derpy_mead_2	wh_main_effect_public_order_faction	faction_to_province_own	4.0000	start_turn_completed
derpy_chd_ex_stock_derpy_mead_3	wh_main_effect_public_order_faction	faction_to_province_own	6.0000	start_turn_completed
derpy_chd_ex_stock_derpy_olive_oil_1	wh_main_effect_public_order_faction	faction_to_province_own	2.0000	start_turn_completed
derpy_chd_ex_stock_derpy_olive_oil_2	wh_main_effect_public_order_faction	faction_to_province_own	4.0000	start_turn_completed
derpy_chd_ex_stock_derpy_olive_oil_3	wh_main_effect_public_order_faction	faction_to_province_own	6.0000	start_turn_completed
derpy_chd_ex_stock_derpy_pearls_1	wh_main_effect_economy_trade_tariff_mod	faction_to_faction_own_unseen	3.0000	start_turn_completed
derpy_chd_ex_stock_derpy_pearls_2	wh_main_effect_economy_trade_tariff_mod	faction_to_faction_own_unseen	6.0000	start_turn_completed
derpy_chd_ex_stock_derpy_pearls_3	wh_main_effect_economy_trade_tariff_mod	faction_to_faction_own_unseen	9.0000	start_turn_completed
derpy_chd_ex_stock_derpy_pipeweed_1	wh_main_effect_public_order_faction	faction_to_province_own	2.0000	start_turn_completed
derpy_chd_ex_stock_derpy_pipeweed_2	wh_main_effect_public_order_faction	faction_to_province_own	4.0000	start_turn_completed
derpy_chd_ex_stock_derpy_pipeweed_3	wh_main_effect_public_order_faction	faction_to_province_own	6.0000	start_turn_completed
derpy_chd_ex_stock_derpy_porcelain_1	wh_main_effect_economy_trade_tariff_mod	faction_to_faction_own_unseen	3.0000	start_turn_completed
derpy_chd_ex_stock_derpy_porcelain_2	wh_main_effect_economy_trade_tariff_mod	faction_to_faction_own_unseen	6.0000	start_turn_completed
derpy_chd_ex_stock_derpy_porcelain_3	wh_main_effect_economy_trade_tariff_mod	faction_to_faction_own_unseen	9.0000	start_turn_completed
derpy_chd_ex_stock_derpy_quicksilver_1	wh_main_effect_technology_research_points	faction_to_faction_own_unseen	2.0000	start_turn_completed
derpy_chd_ex_stock_derpy_quicksilver_2	wh_main_effect_technology_research_points	faction_to_faction_own_unseen	4.0000	start_turn_completed
derpy_chd_ex_stock_derpy_quicksilver_3	wh_main_effect_technology_research_points	faction_to_faction_own_unseen	6.0000	start_turn_completed
derpy_chd_ex_stock_derpy_rhinox_hides_1	wh_main_effect_force_stat_armour	faction_to_force_own	2.0000	start_turn_completed
derpy_chd_ex_stock_derpy_rhinox_hides_2	wh_main_effect_force_stat_armour	faction_to_force_own	4.0000	start_turn_completed
derpy_chd_ex_stock_derpy_rhinox_hides_3	wh_main_effect_force_stat_armour	faction_to_force_own	6.0000	start_turn_completed
derpy_chd_ex_stock_derpy_rum_1	wh_main_effect_public_order_faction	faction_to_province_own	2.0000	start_turn_completed
derpy_chd_ex_stock_derpy_rum_2	wh_main_effect_public_order_faction	faction_to_province_own	4.0000	start_turn_completed
derpy_chd_ex_stock_derpy_rum_3	wh_main_effect_public_order_faction	faction_to_province_own	6.0000	start_turn_completed
derpy_chd_ex_stock_derpy_salted_fish_1	wh_main_effect_force_all_campaign_replenishment_rate	faction_to_force_own	3.0000	start_turn_completed
derpy_chd_ex_stock_derpy_salted_fish_2	wh_main_effect_force_all_campaign_replenishment_rate	faction_to_force_own	6.0000	start_turn_completed
derpy_chd_ex_stock_derpy_salted_fish_3	wh_main_effect_force_all_campaign_replenishment_rate	faction_to_force_own	9.0000	start_turn_completed
derpy_chd_ex_stock_derpy_salted_meat_1	wh_main_effect_force_all_campaign_replenishment_rate	faction_to_force_own	3.0000	start_turn_completed
derpy_chd_ex_stock_derpy_salted_meat_2	wh_main_effect_force_all_campaign_replenishment_rate	faction_to_force_own	6.0000	start_turn_completed
derpy_chd_ex_stock_derpy_salted_meat_3	wh_main_effect_force_all_campaign_replenishment_rate	faction_to_force_own	9.0000	start_turn_completed
derpy_chd_ex_stock_derpy_sea_dragon_hide_1	wh_main_effect_force_stat_armour	faction_to_force_own	2.0000	start_turn_completed
derpy_chd_ex_stock_derpy_sea_dragon_hide_2	wh_main_effect_force_stat_armour	faction_to_force_own	4.0000	start_turn_completed
derpy_chd_ex_stock_derpy_sea_dragon_hide_3	wh_main_effect_force_stat_armour	faction_to_force_own	6.0000	start_turn_completed
derpy_chd_ex_stock_derpy_silk_1	wh_main_effect_economy_trade_tariff_mod	faction_to_faction_own_unseen	3.0000	start_turn_completed
derpy_chd_ex_stock_derpy_silk_2	wh_main_effect_economy_trade_tariff_mod	faction_to_faction_own_unseen	6.0000	start_turn_completed
derpy_chd_ex_stock_derpy_silk_3	wh_main_effect_economy_trade_tariff_mod	faction_to_faction_own_unseen	9.0000	start_turn_completed
derpy_chd_ex_stock_derpy_silver_1	wh_main_effect_economy_trade_tariff_mod	faction_to_faction_own_unseen	3.0000	start_turn_completed
derpy_chd_ex_stock_derpy_silver_2	wh_main_effect_economy_trade_tariff_mod	faction_to_faction_own_unseen	6.0000	start_turn_completed
derpy_chd_ex_stock_derpy_silver_3	wh_main_effect_economy_trade_tariff_mod	faction_to_faction_own_unseen	9.0000	start_turn_completed
derpy_chd_ex_stock_derpy_starwood_1	wh3_main_effect_winds_of_magic_pool_cap	faction_to_force_own	5.0000	start_turn_completed
derpy_chd_ex_stock_derpy_starwood_2	wh3_main_effect_winds_of_magic_pool_cap	faction_to_force_own	10.0000	start_turn_completed
derpy_chd_ex_stock_derpy_starwood_3	wh3_main_effect_winds_of_magic_pool_cap	faction_to_force_own	15.0000	start_turn_completed
derpy_chd_ex_stock_derpy_tea_1	wh_main_effect_public_order_faction	faction_to_province_own	2.0000	start_turn_completed
derpy_chd_ex_stock_derpy_tea_2	wh_main_effect_public_order_faction	faction_to_province_own	4.0000	start_turn_completed
derpy_chd_ex_stock_derpy_tea_3	wh_main_effect_public_order_faction	faction_to_province_own	6.0000	start_turn_completed
derpy_chd_ex_stock_derpy_warhorses_1	wh_main_effect_force_all_campaign_movement_range	faction_to_force_own	3.0000	start_turn_completed
derpy_chd_ex_stock_derpy_warhorses_2	wh_main_effect_force_all_campaign_movement_range	faction_to_force_own	6.0000	start_turn_completed
derpy_chd_ex_stock_derpy_warhorses_3	wh_main_effect_force_all_campaign_movement_range	faction_to_force_own	9.0000	start_turn_completed
derpy_chd_ex_stock_derpy_whale_oil_1	wh_main_effect_public_order_faction	faction_to_province_own	2.0000	start_turn_completed
derpy_chd_ex_stock_derpy_whale_oil_2	wh_main_effect_public_order_faction	faction_to_province_own	4.0000	start_turn_completed
derpy_chd_ex_stock_derpy_whale_oil_3	wh_main_effect_public_order_faction	faction_to_province_own	6.0000	start_turn_completed
derpy_chd_ex_stock_derpy_wool_1	wh_main_effect_force_all_campaign_movement_range	faction_to_force_own	3.0000	start_turn_completed
derpy_chd_ex_stock_derpy_wool_2	wh_main_effect_force_all_campaign_movement_range	faction_to_force_own	6.0000	start_turn_completed
derpy_chd_ex_stock_derpy_wool_3	wh_main_effect_force_all_campaign_movement_range	faction_to_force_own	9.0000	start_turn_completed
derpy_chd_ex_stock_derpy_wyvern_scales_1	wh_main_effect_force_stat_armour	faction_to_force_own	2.0000	start_turn_completed
derpy_chd_ex_stock_derpy_wyvern_scales_2	wh_main_effect_force_stat_armour	faction_to_force_own	4.0000	start_turn_completed
derpy_chd_ex_stock_derpy_wyvern_scales_3	wh_main_effect_force_stat_armour	faction_to_force_own	6.0000	start_turn_completed
derpy_chd_ex_teb_offering_animals	wh_main_effect_public_order_faction	faction_to_province_own	4.0000	start_turn_completed
derpy_chd_ex_teb_offering_derpy_amber	wh_main_effect_economy_trade_tariff_mod	faction_to_faction_own_unseen	6.0000	start_turn_completed
derpy_chd_ex_teb_offering_derpy_black_lotus	wh2_main_effect_agent_cap_increase_all_heroes	faction_to_faction_own_unseen	2.0000	start_turn_completed
derpy_chd_ex_teb_offering_derpy_blackpowder	wh_main_effect_force_all_campaign_recruitment_cost_all	faction_to_force_own	-6.0000	start_turn_completed
derpy_chd_ex_teb_offering_derpy_books	wh_main_effect_technology_research_points	faction_to_faction_own_unseen	4.0000	start_turn_completed
derpy_chd_ex_teb_offering_derpy_brass	wh_main_effect_force_stat_armour	faction_to_force_own	4.0000	start_turn_completed
derpy_chd_ex_teb_offering_derpy_brimstone	wh3_main_effect_winds_of_magic_pool_cap	faction_to_force_own	10.0000	start_turn_completed
derpy_chd_ex_teb_offering_derpy_carpets	wh_main_effect_economy_trade_tariff_mod	faction_to_faction_own_unseen	6.0000	start_turn_completed
derpy_chd_ex_teb_offering_derpy_coal	wh_main_effect_building_construction_cost_mod_all	faction_to_region_own	-6.0000	start_turn_completed
derpy_chd_ex_teb_offering_derpy_dragon_bone	wh2_main_effect_agent_cap_increase_all_heroes	faction_to_faction_own_unseen	2.0000	start_turn_completed
derpy_chd_ex_teb_offering_derpy_feathers	wh_main_effect_force_all_campaign_movement_range	faction_to_force_own	6.0000	start_turn_completed
derpy_chd_ex_teb_offering_derpy_glassware	wh_main_effect_economy_trade_tariff_mod	faction_to_faction_own_unseen	6.0000	start_turn_completed
derpy_chd_ex_teb_offering_derpy_grain	wh_main_effect_force_all_campaign_replenishment_rate	faction_to_force_own	6.0000	start_turn_completed
derpy_chd_ex_teb_offering_derpy_gromril	wh_main_effect_force_stat_armour	faction_to_force_own	4.0000	start_turn_completed
derpy_chd_ex_teb_offering_derpy_incense	wh3_main_effect_winds_of_magic_pool_cap	faction_to_force_own	10.0000	start_turn_completed
derpy_chd_ex_teb_offering_derpy_ithilmar	wh_main_effect_force_stat_armour	faction_to_force_own	4.0000	start_turn_completed
derpy_chd_ex_teb_offering_derpy_jade	wh_main_effect_economy_trade_tariff_mod	faction_to_faction_own_unseen	6.0000	start_turn_completed
derpy_chd_ex_teb_offering_derpy_kvas	wh_main_effect_public_order_faction	faction_to_province_own	4.0000	start_turn_completed
derpy_chd_ex_teb_offering_derpy_lustrian_plumes	wh_main_effect_economy_trade_tariff_mod	faction_to_faction_own_unseen	6.0000	start_turn_completed
derpy_chd_ex_teb_offering_derpy_mead	wh_main_effect_public_order_faction	faction_to_province_own	4.0000	start_turn_completed
derpy_chd_ex_teb_offering_derpy_olive_oil	wh_main_effect_public_order_faction	faction_to_province_own	4.0000	start_turn_completed
derpy_chd_ex_teb_offering_derpy_pearls	wh_main_effect_economy_trade_tariff_mod	faction_to_faction_own_unseen	6.0000	start_turn_completed
derpy_chd_ex_teb_offering_derpy_pipeweed	wh_main_effect_public_order_faction	faction_to_province_own	4.0000	start_turn_completed
derpy_chd_ex_teb_offering_derpy_porcelain	wh_main_effect_economy_trade_tariff_mod	faction_to_faction_own_unseen	6.0000	start_turn_completed
derpy_chd_ex_teb_offering_derpy_quicksilver	wh_main_effect_technology_research_points	faction_to_faction_own_unseen	4.0000	start_turn_completed
derpy_chd_ex_teb_offering_derpy_rhinox_hides	wh_main_effect_force_stat_armour	faction_to_force_own	4.0000	start_turn_completed
derpy_chd_ex_teb_offering_derpy_rum	wh_main_effect_public_order_faction	faction_to_province_own	4.0000	start_turn_completed
derpy_chd_ex_teb_offering_derpy_salted_fish	wh_main_effect_force_all_campaign_replenishment_rate	faction_to_force_own	6.0000	start_turn_completed
derpy_chd_ex_teb_offering_derpy_salted_meat	wh_main_effect_force_all_campaign_replenishment_rate	faction_to_force_own	6.0000	start_turn_completed
derpy_chd_ex_teb_offering_derpy_sea_dragon_hide	wh_main_effect_force_stat_armour	faction_to_force_own	4.0000	start_turn_completed
derpy_chd_ex_teb_offering_derpy_silk	wh_main_effect_economy_trade_tariff_mod	faction_to_faction_own_unseen	6.0000	start_turn_completed
derpy_chd_ex_teb_offering_derpy_silver	wh_main_effect_economy_trade_tariff_mod	faction_to_faction_own_unseen	6.0000	start_turn_completed
derpy_chd_ex_teb_offering_derpy_starwood	wh3_main_effect_winds_of_magic_pool_cap	faction_to_force_own	10.0000	start_turn_completed
derpy_chd_ex_teb_offering_derpy_tea	wh_main_effect_public_order_faction	faction_to_province_own	4.0000	start_turn_completed
derpy_chd_ex_teb_offering_derpy_warhorses	wh_main_effect_force_all_campaign_movement_range	faction_to_force_own	6.0000	start_turn_completed
derpy_chd_ex_teb_offering_derpy_whale_oil	wh_main_effect_public_order_faction	faction_to_province_own	4.0000	start_turn_completed
derpy_chd_ex_teb_offering_derpy_wool	wh_main_effect_force_all_campaign_movement_range	faction_to_force_own	6.0000	start_turn_completed
derpy_chd_ex_teb_offering_derpy_wyvern_scales	wh_main_effect_force_stat_armour	faction_to_force_own	4.0000	start_turn_completed
derpy_chd_ex_teb_offering_dyes	wh_main_effect_economy_trade_tariff_mod	faction_to_faction_own_unseen	6.0000	start_turn_completed
derpy_chd_ex_teb_offering_gems	wh_main_effect_economy_trade_tariff_mod	faction_to_faction_own_unseen	6.0000	start_turn_completed
derpy_chd_ex_teb_offering_gold_idols	wh2_main_effect_agent_cap_increase_all_heroes	faction_to_faction_own_unseen	2.0000	start_turn_completed
derpy_chd_ex_teb_offering_ivory	wh_main_effect_technology_research_points	faction_to_faction_own_unseen	4.0000	start_turn_completed
derpy_chd_ex_teb_offering_medicine	wh_main_effect_force_all_campaign_replenishment_rate	faction_to_force_own	6.0000	start_turn_completed
derpy_chd_ex_teb_offering_obsidian	wh3_main_effect_winds_of_magic_pool_cap	faction_to_force_own	10.0000	start_turn_completed
derpy_chd_ex_teb_offering_rom_furs	wh_main_effect_force_all_campaign_movement_range	faction_to_force_own	6.0000	start_turn_completed
derpy_chd_ex_teb_offering_rom_glass	wh_main_effect_public_order_faction	faction_to_province_own	4.0000	start_turn_completed
derpy_chd_ex_teb_offering_rom_iron	wh_main_effect_force_stat_armour	faction_to_force_own	4.0000	start_turn_completed
derpy_chd_ex_teb_offering_rom_lead	wh_main_effect_force_all_campaign_replenishment_rate	faction_to_force_own	6.0000	start_turn_completed
derpy_chd_ex_teb_offering_rom_marble	wh_main_effect_building_construction_cost_mod_all	faction_to_region_own	-6.0000	start_turn_completed
derpy_chd_ex_teb_offering_rom_textiles	wh_main_effect_force_all_campaign_recruitment_cost_all	faction_to_force_own	-6.0000	start_turn_completed
derpy_chd_ex_teb_offering_rom_timber	wh_main_effect_building_construction_cost_mod_all	faction_to_region_own	-6.0000	start_turn_completed
derpy_chd_ex_teb_offering_rom_wine	wh_main_effect_public_order_faction	faction_to_province_own	4.0000	start_turn_completed
derpy_chd_ex_teb_offering_spices	wh_main_effect_public_order_faction	faction_to_province_own	4.0000	start_turn_completed
derpy_chd_ex_teb_offering_trinkets	wh_main_effect_economy_trade_tariff_mod	faction_to_faction_own_unseen	6.0000	start_turn_completed
derpy_chd_ex_teb_myrmidia_pleased	wh_main_effect_public_order_faction	faction_to_province_own	3.0000	start_turn_completed
derpy_chd_ex_teb_myrmidia_pleased	wh_main_effect_force_stat_leadership	faction_to_force_own	5.0000	start_turn_completed
derpy_chd_ex_teb_myrmidia_wrath	wh_main_effect_public_order_faction	faction_to_province_own	-6.0000	start_turn_completed
derpy_chd_ex_teb_myrmidia_wrath	wh_main_effect_force_all_campaign_replenishment_rate	faction_to_force_own	-10.0000	start_turn_completed
derpy_chd_ex_def_offering_animals	wh_main_effect_public_order_faction	faction_to_province_own	4.0000	start_turn_completed
derpy_chd_ex_def_offering_derpy_amber	wh_main_effect_economy_trade_tariff_mod	faction_to_faction_own_unseen	6.0000	start_turn_completed
derpy_chd_ex_def_offering_derpy_black_lotus	wh2_main_effect_agent_cap_increase_all_heroes	faction_to_faction_own_unseen	2.0000	start_turn_completed
derpy_chd_ex_def_offering_derpy_blackpowder	wh_main_effect_force_all_campaign_recruitment_cost_all	faction_to_force_own	-6.0000	start_turn_completed
derpy_chd_ex_def_offering_derpy_books	wh_main_effect_technology_research_points	faction_to_faction_own_unseen	4.0000	start_turn_completed
derpy_chd_ex_def_offering_derpy_brass	wh_main_effect_force_stat_armour	faction_to_force_own	4.0000	start_turn_completed
derpy_chd_ex_def_offering_derpy_brimstone	wh3_main_effect_winds_of_magic_pool_cap	faction_to_force_own	10.0000	start_turn_completed
derpy_chd_ex_def_offering_derpy_carpets	wh_main_effect_economy_trade_tariff_mod	faction_to_faction_own_unseen	6.0000	start_turn_completed
derpy_chd_ex_def_offering_derpy_coal	wh_main_effect_building_construction_cost_mod_all	faction_to_region_own	-6.0000	start_turn_completed
derpy_chd_ex_def_offering_derpy_dragon_bone	wh2_main_effect_agent_cap_increase_all_heroes	faction_to_faction_own_unseen	2.0000	start_turn_completed
derpy_chd_ex_def_offering_derpy_feathers	wh_main_effect_force_all_campaign_movement_range	faction_to_force_own	6.0000	start_turn_completed
derpy_chd_ex_def_offering_derpy_glassware	wh_main_effect_economy_trade_tariff_mod	faction_to_faction_own_unseen	6.0000	start_turn_completed
derpy_chd_ex_def_offering_derpy_grain	wh_main_effect_force_all_campaign_replenishment_rate	faction_to_force_own	6.0000	start_turn_completed
derpy_chd_ex_def_offering_derpy_gromril	wh_main_effect_force_stat_armour	faction_to_force_own	4.0000	start_turn_completed
derpy_chd_ex_def_offering_derpy_incense	wh3_main_effect_winds_of_magic_pool_cap	faction_to_force_own	10.0000	start_turn_completed
derpy_chd_ex_def_offering_derpy_ithilmar	wh_main_effect_force_stat_armour	faction_to_force_own	4.0000	start_turn_completed
derpy_chd_ex_def_offering_derpy_jade	wh_main_effect_economy_trade_tariff_mod	faction_to_faction_own_unseen	6.0000	start_turn_completed
derpy_chd_ex_def_offering_derpy_kvas	wh_main_effect_public_order_faction	faction_to_province_own	4.0000	start_turn_completed
derpy_chd_ex_def_offering_derpy_lustrian_plumes	wh_main_effect_economy_trade_tariff_mod	faction_to_faction_own_unseen	6.0000	start_turn_completed
derpy_chd_ex_def_offering_derpy_mead	wh_main_effect_public_order_faction	faction_to_province_own	4.0000	start_turn_completed
derpy_chd_ex_def_offering_derpy_olive_oil	wh_main_effect_public_order_faction	faction_to_province_own	4.0000	start_turn_completed
derpy_chd_ex_def_offering_derpy_pearls	wh_main_effect_economy_trade_tariff_mod	faction_to_faction_own_unseen	6.0000	start_turn_completed
derpy_chd_ex_def_offering_derpy_pipeweed	wh_main_effect_public_order_faction	faction_to_province_own	4.0000	start_turn_completed
derpy_chd_ex_def_offering_derpy_porcelain	wh_main_effect_economy_trade_tariff_mod	faction_to_faction_own_unseen	6.0000	start_turn_completed
derpy_chd_ex_def_offering_derpy_quicksilver	wh_main_effect_technology_research_points	faction_to_faction_own_unseen	4.0000	start_turn_completed
derpy_chd_ex_def_offering_derpy_rhinox_hides	wh_main_effect_force_stat_armour	faction_to_force_own	4.0000	start_turn_completed
derpy_chd_ex_def_offering_derpy_rum	wh_main_effect_public_order_faction	faction_to_province_own	4.0000	start_turn_completed
derpy_chd_ex_def_offering_derpy_salted_fish	wh_main_effect_force_all_campaign_replenishment_rate	faction_to_force_own	6.0000	start_turn_completed
derpy_chd_ex_def_offering_derpy_salted_meat	wh_main_effect_force_all_campaign_replenishment_rate	faction_to_force_own	6.0000	start_turn_completed
derpy_chd_ex_def_offering_derpy_sea_dragon_hide	wh_main_effect_force_stat_armour	faction_to_force_own	4.0000	start_turn_completed
derpy_chd_ex_def_offering_derpy_silk	wh_main_effect_economy_trade_tariff_mod	faction_to_faction_own_unseen	6.0000	start_turn_completed
derpy_chd_ex_def_offering_derpy_silver	wh_main_effect_economy_trade_tariff_mod	faction_to_faction_own_unseen	6.0000	start_turn_completed
derpy_chd_ex_def_offering_derpy_starwood	wh3_main_effect_winds_of_magic_pool_cap	faction_to_force_own	10.0000	start_turn_completed
derpy_chd_ex_def_offering_derpy_tea	wh_main_effect_public_order_faction	faction_to_province_own	4.0000	start_turn_completed
derpy_chd_ex_def_offering_derpy_warhorses	wh_main_effect_force_all_campaign_movement_range	faction_to_force_own	6.0000	start_turn_completed
derpy_chd_ex_def_offering_derpy_whale_oil	wh_main_effect_public_order_faction	faction_to_province_own	4.0000	start_turn_completed
derpy_chd_ex_def_offering_derpy_wool	wh_main_effect_force_all_campaign_movement_range	faction_to_force_own	6.0000	start_turn_completed
derpy_chd_ex_def_offering_derpy_wyvern_scales	wh_main_effect_force_stat_armour	faction_to_force_own	4.0000	start_turn_completed
derpy_chd_ex_def_offering_dyes	wh_main_effect_economy_trade_tariff_mod	faction_to_faction_own_unseen	6.0000	start_turn_completed
derpy_chd_ex_def_offering_gems	wh_main_effect_economy_trade_tariff_mod	faction_to_faction_own_unseen	6.0000	start_turn_completed
derpy_chd_ex_def_offering_gold_idols	wh2_main_effect_agent_cap_increase_all_heroes	faction_to_faction_own_unseen	2.0000	start_turn_completed
derpy_chd_ex_def_offering_ivory	wh_main_effect_technology_research_points	faction_to_faction_own_unseen	4.0000	start_turn_completed
derpy_chd_ex_def_offering_medicine	wh_main_effect_force_all_campaign_replenishment_rate	faction_to_force_own	6.0000	start_turn_completed
derpy_chd_ex_def_offering_obsidian	wh3_main_effect_winds_of_magic_pool_cap	faction_to_force_own	10.0000	start_turn_completed
derpy_chd_ex_def_offering_rom_furs	wh_main_effect_force_all_campaign_movement_range	faction_to_force_own	6.0000	start_turn_completed
derpy_chd_ex_def_offering_rom_glass	wh_main_effect_public_order_faction	faction_to_province_own	4.0000	start_turn_completed
derpy_chd_ex_def_offering_rom_iron	wh_main_effect_force_stat_armour	faction_to_force_own	4.0000	start_turn_completed
derpy_chd_ex_def_offering_rom_lead	wh_main_effect_force_all_campaign_replenishment_rate	faction_to_force_own	6.0000	start_turn_completed
derpy_chd_ex_def_offering_rom_marble	wh_main_effect_building_construction_cost_mod_all	faction_to_region_own	-6.0000	start_turn_completed
derpy_chd_ex_def_offering_rom_textiles	wh_main_effect_force_all_campaign_recruitment_cost_all	faction_to_force_own	-6.0000	start_turn_completed
derpy_chd_ex_def_offering_rom_timber	wh_main_effect_building_construction_cost_mod_all	faction_to_region_own	-6.0000	start_turn_completed
derpy_chd_ex_def_offering_rom_wine	wh_main_effect_public_order_faction	faction_to_province_own	4.0000	start_turn_completed
derpy_chd_ex_def_offering_spices	wh_main_effect_public_order_faction	faction_to_province_own	4.0000	start_turn_completed
derpy_chd_ex_def_offering_trinkets	wh_main_effect_economy_trade_tariff_mod	faction_to_faction_own_unseen	6.0000	start_turn_completed
derpy_chd_ex_def_khaine_pleased	wh_main_effect_public_order_faction	faction_to_province_own	3.0000	start_turn_completed
derpy_chd_ex_def_khaine_pleased	wh_main_effect_force_stat_leadership	faction_to_force_own	5.0000	start_turn_completed
derpy_chd_ex_def_khaine_wrath	wh_main_effect_public_order_faction	faction_to_province_own	-6.0000	start_turn_completed
derpy_chd_ex_def_khaine_wrath	wh_main_effect_force_all_campaign_replenishment_rate	faction_to_force_own	-10.0000	start_turn_completed
derpy_chd_ex_hef_offering_animals	wh_main_effect_public_order_faction	faction_to_province_own	4.0000	start_turn_completed
derpy_chd_ex_hef_offering_derpy_amber	wh_main_effect_economy_trade_tariff_mod	faction_to_faction_own_unseen	6.0000	start_turn_completed
derpy_chd_ex_hef_offering_derpy_black_lotus	wh2_main_effect_agent_cap_increase_all_heroes	faction_to_faction_own_unseen	2.0000	start_turn_completed
derpy_chd_ex_hef_offering_derpy_blackpowder	wh_main_effect_force_all_campaign_recruitment_cost_all	faction_to_force_own	-6.0000	start_turn_completed
derpy_chd_ex_hef_offering_derpy_books	wh_main_effect_technology_research_points	faction_to_faction_own_unseen	4.0000	start_turn_completed
derpy_chd_ex_hef_offering_derpy_brass	wh_main_effect_force_stat_armour	faction_to_force_own	4.0000	start_turn_completed
derpy_chd_ex_hef_offering_derpy_brimstone	wh3_main_effect_winds_of_magic_pool_cap	faction_to_force_own	10.0000	start_turn_completed
derpy_chd_ex_hef_offering_derpy_carpets	wh_main_effect_economy_trade_tariff_mod	faction_to_faction_own_unseen	6.0000	start_turn_completed
derpy_chd_ex_hef_offering_derpy_coal	wh_main_effect_building_construction_cost_mod_all	faction_to_region_own	-6.0000	start_turn_completed
derpy_chd_ex_hef_offering_derpy_dragon_bone	wh2_main_effect_agent_cap_increase_all_heroes	faction_to_faction_own_unseen	2.0000	start_turn_completed
derpy_chd_ex_hef_offering_derpy_feathers	wh_main_effect_force_all_campaign_movement_range	faction_to_force_own	6.0000	start_turn_completed
derpy_chd_ex_hef_offering_derpy_glassware	wh_main_effect_economy_trade_tariff_mod	faction_to_faction_own_unseen	6.0000	start_turn_completed
derpy_chd_ex_hef_offering_derpy_grain	wh_main_effect_force_all_campaign_replenishment_rate	faction_to_force_own	6.0000	start_turn_completed
derpy_chd_ex_hef_offering_derpy_gromril	wh_main_effect_force_stat_armour	faction_to_force_own	4.0000	start_turn_completed
derpy_chd_ex_hef_offering_derpy_incense	wh3_main_effect_winds_of_magic_pool_cap	faction_to_force_own	10.0000	start_turn_completed
derpy_chd_ex_hef_offering_derpy_ithilmar	wh_main_effect_force_stat_armour	faction_to_force_own	4.0000	start_turn_completed
derpy_chd_ex_hef_offering_derpy_jade	wh_main_effect_economy_trade_tariff_mod	faction_to_faction_own_unseen	6.0000	start_turn_completed
derpy_chd_ex_hef_offering_derpy_kvas	wh_main_effect_public_order_faction	faction_to_province_own	4.0000	start_turn_completed
derpy_chd_ex_hef_offering_derpy_lustrian_plumes	wh_main_effect_economy_trade_tariff_mod	faction_to_faction_own_unseen	6.0000	start_turn_completed
derpy_chd_ex_hef_offering_derpy_mead	wh_main_effect_public_order_faction	faction_to_province_own	4.0000	start_turn_completed
derpy_chd_ex_hef_offering_derpy_olive_oil	wh_main_effect_public_order_faction	faction_to_province_own	4.0000	start_turn_completed
derpy_chd_ex_hef_offering_derpy_pearls	wh_main_effect_economy_trade_tariff_mod	faction_to_faction_own_unseen	6.0000	start_turn_completed
derpy_chd_ex_hef_offering_derpy_pipeweed	wh_main_effect_public_order_faction	faction_to_province_own	4.0000	start_turn_completed
derpy_chd_ex_hef_offering_derpy_porcelain	wh_main_effect_economy_trade_tariff_mod	faction_to_faction_own_unseen	6.0000	start_turn_completed
derpy_chd_ex_hef_offering_derpy_quicksilver	wh_main_effect_technology_research_points	faction_to_faction_own_unseen	4.0000	start_turn_completed
derpy_chd_ex_hef_offering_derpy_rhinox_hides	wh_main_effect_force_stat_armour	faction_to_force_own	4.0000	start_turn_completed
derpy_chd_ex_hef_offering_derpy_rum	wh_main_effect_public_order_faction	faction_to_province_own	4.0000	start_turn_completed
derpy_chd_ex_hef_offering_derpy_salted_fish	wh_main_effect_force_all_campaign_replenishment_rate	faction_to_force_own	6.0000	start_turn_completed
derpy_chd_ex_hef_offering_derpy_salted_meat	wh_main_effect_force_all_campaign_replenishment_rate	faction_to_force_own	6.0000	start_turn_completed
derpy_chd_ex_hef_offering_derpy_sea_dragon_hide	wh_main_effect_force_stat_armour	faction_to_force_own	4.0000	start_turn_completed
derpy_chd_ex_hef_offering_derpy_silk	wh_main_effect_economy_trade_tariff_mod	faction_to_faction_own_unseen	6.0000	start_turn_completed
derpy_chd_ex_hef_offering_derpy_silver	wh_main_effect_economy_trade_tariff_mod	faction_to_faction_own_unseen	6.0000	start_turn_completed
derpy_chd_ex_hef_offering_derpy_starwood	wh3_main_effect_winds_of_magic_pool_cap	faction_to_force_own	10.0000	start_turn_completed
derpy_chd_ex_hef_offering_derpy_tea	wh_main_effect_public_order_faction	faction_to_province_own	4.0000	start_turn_completed
derpy_chd_ex_hef_offering_derpy_warhorses	wh_main_effect_force_all_campaign_movement_range	faction_to_force_own	6.0000	start_turn_completed
derpy_chd_ex_hef_offering_derpy_whale_oil	wh_main_effect_public_order_faction	faction_to_province_own	4.0000	start_turn_completed
derpy_chd_ex_hef_offering_derpy_wool	wh_main_effect_force_all_campaign_movement_range	faction_to_force_own	6.0000	start_turn_completed
derpy_chd_ex_hef_offering_derpy_wyvern_scales	wh_main_effect_force_stat_armour	faction_to_force_own	4.0000	start_turn_completed
derpy_chd_ex_hef_offering_dyes	wh_main_effect_economy_trade_tariff_mod	faction_to_faction_own_unseen	6.0000	start_turn_completed
derpy_chd_ex_hef_offering_gems	wh_main_effect_economy_trade_tariff_mod	faction_to_faction_own_unseen	6.0000	start_turn_completed
derpy_chd_ex_hef_offering_gold_idols	wh2_main_effect_agent_cap_increase_all_heroes	faction_to_faction_own_unseen	2.0000	start_turn_completed
derpy_chd_ex_hef_offering_ivory	wh_main_effect_technology_research_points	faction_to_faction_own_unseen	4.0000	start_turn_completed
derpy_chd_ex_hef_offering_medicine	wh_main_effect_force_all_campaign_replenishment_rate	faction_to_force_own	6.0000	start_turn_completed
derpy_chd_ex_hef_offering_obsidian	wh3_main_effect_winds_of_magic_pool_cap	faction_to_force_own	10.0000	start_turn_completed
derpy_chd_ex_hef_offering_rom_furs	wh_main_effect_force_all_campaign_movement_range	faction_to_force_own	6.0000	start_turn_completed
derpy_chd_ex_hef_offering_rom_glass	wh_main_effect_public_order_faction	faction_to_province_own	4.0000	start_turn_completed
derpy_chd_ex_hef_offering_rom_iron	wh_main_effect_force_stat_armour	faction_to_force_own	4.0000	start_turn_completed
derpy_chd_ex_hef_offering_rom_lead	wh_main_effect_force_all_campaign_replenishment_rate	faction_to_force_own	6.0000	start_turn_completed
derpy_chd_ex_hef_offering_rom_marble	wh_main_effect_building_construction_cost_mod_all	faction_to_region_own	-6.0000	start_turn_completed
derpy_chd_ex_hef_offering_rom_textiles	wh_main_effect_force_all_campaign_recruitment_cost_all	faction_to_force_own	-6.0000	start_turn_completed
derpy_chd_ex_hef_offering_rom_timber	wh_main_effect_building_construction_cost_mod_all	faction_to_region_own	-6.0000	start_turn_completed
derpy_chd_ex_hef_offering_rom_wine	wh_main_effect_public_order_faction	faction_to_province_own	4.0000	start_turn_completed
derpy_chd_ex_hef_offering_spices	wh_main_effect_public_order_faction	faction_to_province_own	4.0000	start_turn_completed
derpy_chd_ex_hef_offering_trinkets	wh_main_effect_economy_trade_tariff_mod	faction_to_faction_own_unseen	6.0000	start_turn_completed
derpy_chd_ex_hef_phoenix_pleased	wh_main_effect_public_order_faction	faction_to_province_own	3.0000	start_turn_completed
derpy_chd_ex_hef_phoenix_pleased	wh_main_effect_force_stat_leadership	faction_to_force_own	5.0000	start_turn_completed
derpy_chd_ex_hef_phoenix_wrath	wh_main_effect_public_order_faction	faction_to_province_own	-6.0000	start_turn_completed
derpy_chd_ex_hef_phoenix_wrath	wh_main_effect_force_all_campaign_replenishment_rate	faction_to_force_own	-10.0000	start_turn_completed
derpy_chd_ex_skv_offering_animals	wh_main_effect_public_order_faction	faction_to_province_own	4.0000	start_turn_completed
derpy_chd_ex_skv_offering_derpy_amber	wh_main_effect_economy_trade_tariff_mod	faction_to_faction_own_unseen	6.0000	start_turn_completed
derpy_chd_ex_skv_offering_derpy_black_lotus	wh2_main_effect_agent_cap_increase_all_heroes	faction_to_faction_own_unseen	2.0000	start_turn_completed
derpy_chd_ex_skv_offering_derpy_blackpowder	wh_main_effect_force_all_campaign_recruitment_cost_all	faction_to_force_own	-6.0000	start_turn_completed
derpy_chd_ex_skv_offering_derpy_books	wh_main_effect_technology_research_points	faction_to_faction_own_unseen	4.0000	start_turn_completed
derpy_chd_ex_skv_offering_derpy_brass	wh_main_effect_force_stat_armour	faction_to_force_own	4.0000	start_turn_completed
derpy_chd_ex_skv_offering_derpy_brimstone	wh3_main_effect_winds_of_magic_pool_cap	faction_to_force_own	10.0000	start_turn_completed
derpy_chd_ex_skv_offering_derpy_carpets	wh_main_effect_economy_trade_tariff_mod	faction_to_faction_own_unseen	6.0000	start_turn_completed
derpy_chd_ex_skv_offering_derpy_coal	wh_main_effect_building_construction_cost_mod_all	faction_to_region_own	-6.0000	start_turn_completed
derpy_chd_ex_skv_offering_derpy_dragon_bone	wh2_main_effect_agent_cap_increase_all_heroes	faction_to_faction_own_unseen	2.0000	start_turn_completed
derpy_chd_ex_skv_offering_derpy_feathers	wh_main_effect_force_all_campaign_movement_range	faction_to_force_own	6.0000	start_turn_completed
derpy_chd_ex_skv_offering_derpy_glassware	wh_main_effect_economy_trade_tariff_mod	faction_to_faction_own_unseen	6.0000	start_turn_completed
derpy_chd_ex_skv_offering_derpy_grain	wh_main_effect_force_all_campaign_replenishment_rate	faction_to_force_own	6.0000	start_turn_completed
derpy_chd_ex_skv_offering_derpy_gromril	wh_main_effect_force_stat_armour	faction_to_force_own	4.0000	start_turn_completed
derpy_chd_ex_skv_offering_derpy_incense	wh3_main_effect_winds_of_magic_pool_cap	faction_to_force_own	10.0000	start_turn_completed
derpy_chd_ex_skv_offering_derpy_ithilmar	wh_main_effect_force_stat_armour	faction_to_force_own	4.0000	start_turn_completed
derpy_chd_ex_skv_offering_derpy_jade	wh_main_effect_economy_trade_tariff_mod	faction_to_faction_own_unseen	6.0000	start_turn_completed
derpy_chd_ex_skv_offering_derpy_kvas	wh_main_effect_public_order_faction	faction_to_province_own	4.0000	start_turn_completed
derpy_chd_ex_skv_offering_derpy_lustrian_plumes	wh_main_effect_economy_trade_tariff_mod	faction_to_faction_own_unseen	6.0000	start_turn_completed
derpy_chd_ex_skv_offering_derpy_mead	wh_main_effect_public_order_faction	faction_to_province_own	4.0000	start_turn_completed
derpy_chd_ex_skv_offering_derpy_olive_oil	wh_main_effect_public_order_faction	faction_to_province_own	4.0000	start_turn_completed
derpy_chd_ex_skv_offering_derpy_pearls	wh_main_effect_economy_trade_tariff_mod	faction_to_faction_own_unseen	6.0000	start_turn_completed
derpy_chd_ex_skv_offering_derpy_pipeweed	wh_main_effect_public_order_faction	faction_to_province_own	4.0000	start_turn_completed
derpy_chd_ex_skv_offering_derpy_porcelain	wh_main_effect_economy_trade_tariff_mod	faction_to_faction_own_unseen	6.0000	start_turn_completed
derpy_chd_ex_skv_offering_derpy_quicksilver	wh_main_effect_technology_research_points	faction_to_faction_own_unseen	4.0000	start_turn_completed
derpy_chd_ex_skv_offering_derpy_rhinox_hides	wh_main_effect_force_stat_armour	faction_to_force_own	4.0000	start_turn_completed
derpy_chd_ex_skv_offering_derpy_rum	wh_main_effect_public_order_faction	faction_to_province_own	4.0000	start_turn_completed
derpy_chd_ex_skv_offering_derpy_salted_fish	wh_main_effect_force_all_campaign_replenishment_rate	faction_to_force_own	6.0000	start_turn_completed
derpy_chd_ex_skv_offering_derpy_salted_meat	wh_main_effect_force_all_campaign_replenishment_rate	faction_to_force_own	6.0000	start_turn_completed
derpy_chd_ex_skv_offering_derpy_sea_dragon_hide	wh_main_effect_force_stat_armour	faction_to_force_own	4.0000	start_turn_completed
derpy_chd_ex_skv_offering_derpy_silk	wh_main_effect_economy_trade_tariff_mod	faction_to_faction_own_unseen	6.0000	start_turn_completed
derpy_chd_ex_skv_offering_derpy_silver	wh_main_effect_economy_trade_tariff_mod	faction_to_faction_own_unseen	6.0000	start_turn_completed
derpy_chd_ex_skv_offering_derpy_starwood	wh3_main_effect_winds_of_magic_pool_cap	faction_to_force_own	10.0000	start_turn_completed
derpy_chd_ex_skv_offering_derpy_tea	wh_main_effect_public_order_faction	faction_to_province_own	4.0000	start_turn_completed
derpy_chd_ex_skv_offering_derpy_warhorses	wh_main_effect_force_all_campaign_movement_range	faction_to_force_own	6.0000	start_turn_completed
derpy_chd_ex_skv_offering_derpy_whale_oil	wh_main_effect_public_order_faction	faction_to_province_own	4.0000	start_turn_completed
derpy_chd_ex_skv_offering_derpy_wool	wh_main_effect_force_all_campaign_movement_range	faction_to_force_own	6.0000	start_turn_completed
derpy_chd_ex_skv_offering_derpy_wyvern_scales	wh_main_effect_force_stat_armour	faction_to_force_own	4.0000	start_turn_completed
derpy_chd_ex_skv_offering_dyes	wh_main_effect_economy_trade_tariff_mod	faction_to_faction_own_unseen	6.0000	start_turn_completed
derpy_chd_ex_skv_offering_gems	wh_main_effect_economy_trade_tariff_mod	faction_to_faction_own_unseen	6.0000	start_turn_completed
derpy_chd_ex_skv_offering_gold_idols	wh2_main_effect_agent_cap_increase_all_heroes	faction_to_faction_own_unseen	2.0000	start_turn_completed
derpy_chd_ex_skv_offering_ivory	wh_main_effect_technology_research_points	faction_to_faction_own_unseen	4.0000	start_turn_completed
derpy_chd_ex_skv_offering_medicine	wh_main_effect_force_all_campaign_replenishment_rate	faction_to_force_own	6.0000	start_turn_completed
derpy_chd_ex_skv_offering_obsidian	wh3_main_effect_winds_of_magic_pool_cap	faction_to_force_own	10.0000	start_turn_completed
derpy_chd_ex_skv_offering_rom_furs	wh_main_effect_force_all_campaign_movement_range	faction_to_force_own	6.0000	start_turn_completed
derpy_chd_ex_skv_offering_rom_glass	wh_main_effect_public_order_faction	faction_to_province_own	4.0000	start_turn_completed
derpy_chd_ex_skv_offering_rom_iron	wh_main_effect_force_stat_armour	faction_to_force_own	4.0000	start_turn_completed
derpy_chd_ex_skv_offering_rom_lead	wh_main_effect_force_all_campaign_replenishment_rate	faction_to_force_own	6.0000	start_turn_completed
derpy_chd_ex_skv_offering_rom_marble	wh_main_effect_building_construction_cost_mod_all	faction_to_region_own	-6.0000	start_turn_completed
derpy_chd_ex_skv_offering_rom_textiles	wh_main_effect_force_all_campaign_recruitment_cost_all	faction_to_force_own	-6.0000	start_turn_completed
derpy_chd_ex_skv_offering_rom_timber	wh_main_effect_building_construction_cost_mod_all	faction_to_region_own	-6.0000	start_turn_completed
derpy_chd_ex_skv_offering_rom_wine	wh_main_effect_public_order_faction	faction_to_province_own	4.0000	start_turn_completed
derpy_chd_ex_skv_offering_spices	wh_main_effect_public_order_faction	faction_to_province_own	4.0000	start_turn_completed
derpy_chd_ex_skv_offering_trinkets	wh_main_effect_economy_trade_tariff_mod	faction_to_faction_own_unseen	6.0000	start_turn_completed
derpy_chd_ex_skv_council_pleased	wh_main_effect_public_order_faction	faction_to_province_own	3.0000	start_turn_completed
derpy_chd_ex_skv_council_pleased	wh_main_effect_force_stat_leadership	faction_to_force_own	5.0000	start_turn_completed
derpy_chd_ex_skv_council_wrath	wh_main_effect_public_order_faction	faction_to_province_own	-6.0000	start_turn_completed
derpy_chd_ex_skv_council_wrath	wh_main_effect_force_all_campaign_replenishment_rate	faction_to_force_own	-10.0000	start_turn_completed
derpy_chd_ex_offering_animals	wh3_dlc23_effect_force_chd_campaign_post_battle_labour	faction_to_character_own_factionwide_armytext	10.0000	start_turn_completed
derpy_chd_ex_offering_derpy_amber	wh_main_effect_economy_trade_tariff_mod	faction_to_faction_own_unseen	6.0000	start_turn_completed
derpy_chd_ex_offering_derpy_black_lotus	wh2_main_effect_agent_cap_increase_all_heroes	faction_to_faction_own_unseen	2.0000	start_turn_completed
derpy_chd_ex_offering_derpy_blackpowder	wh_main_effect_force_all_campaign_recruitment_cost_all	faction_to_force_own	-6.0000	start_turn_completed
derpy_chd_ex_offering_derpy_books	wh_main_effect_technology_research_points	faction_to_faction_own_unseen	4.0000	start_turn_completed
derpy_chd_ex_offering_derpy_brass	wh_main_effect_force_stat_armour	faction_to_force_own	4.0000	start_turn_completed
derpy_chd_ex_offering_derpy_brimstone	wh3_main_effect_winds_of_magic_pool_cap	faction_to_force_own	10.0000	start_turn_completed
derpy_chd_ex_offering_derpy_carpets	wh_main_effect_economy_trade_tariff_mod	faction_to_faction_own_unseen	6.0000	start_turn_completed
derpy_chd_ex_offering_derpy_coal	wh_main_effect_building_construction_cost_mod_all	faction_to_region_own	-6.0000	start_turn_completed
derpy_chd_ex_offering_derpy_dragon_bone	wh2_main_effect_agent_cap_increase_all_heroes	faction_to_faction_own_unseen	2.0000	start_turn_completed
derpy_chd_ex_offering_derpy_feathers	wh_main_effect_force_all_campaign_movement_range	faction_to_force_own	6.0000	start_turn_completed
derpy_chd_ex_offering_derpy_glassware	wh_main_effect_economy_trade_tariff_mod	faction_to_faction_own_unseen	6.0000	start_turn_completed
derpy_chd_ex_offering_derpy_grain	wh_main_effect_force_all_campaign_replenishment_rate	faction_to_force_own	6.0000	start_turn_completed
derpy_chd_ex_offering_derpy_gromril	wh_main_effect_force_stat_armour	faction_to_force_own	4.0000	start_turn_completed
derpy_chd_ex_offering_derpy_incense	wh3_main_effect_winds_of_magic_pool_cap	faction_to_force_own	10.0000	start_turn_completed
derpy_chd_ex_offering_derpy_ithilmar	wh_main_effect_force_stat_armour	faction_to_force_own	4.0000	start_turn_completed
derpy_chd_ex_offering_derpy_jade	wh_main_effect_economy_trade_tariff_mod	faction_to_faction_own_unseen	6.0000	start_turn_completed
derpy_chd_ex_offering_derpy_kvas	wh_main_effect_public_order_faction	faction_to_province_own	4.0000	start_turn_completed
derpy_chd_ex_offering_derpy_lustrian_plumes	wh_main_effect_economy_trade_tariff_mod	faction_to_faction_own_unseen	6.0000	start_turn_completed
derpy_chd_ex_offering_derpy_mead	wh_main_effect_public_order_faction	faction_to_province_own	4.0000	start_turn_completed
derpy_chd_ex_offering_derpy_olive_oil	wh_main_effect_public_order_faction	faction_to_province_own	4.0000	start_turn_completed
derpy_chd_ex_offering_derpy_pearls	wh_main_effect_economy_trade_tariff_mod	faction_to_faction_own_unseen	6.0000	start_turn_completed
derpy_chd_ex_offering_derpy_pipeweed	wh_main_effect_public_order_faction	faction_to_province_own	4.0000	start_turn_completed
derpy_chd_ex_offering_derpy_porcelain	wh_main_effect_economy_trade_tariff_mod	faction_to_faction_own_unseen	6.0000	start_turn_completed
derpy_chd_ex_offering_derpy_quicksilver	wh_main_effect_technology_research_points	faction_to_faction_own_unseen	4.0000	start_turn_completed
derpy_chd_ex_offering_derpy_rhinox_hides	wh_main_effect_force_stat_armour	faction_to_force_own	4.0000	start_turn_completed
derpy_chd_ex_offering_derpy_rum	wh_main_effect_public_order_faction	faction_to_province_own	4.0000	start_turn_completed
derpy_chd_ex_offering_derpy_salted_fish	wh_main_effect_force_all_campaign_replenishment_rate	faction_to_force_own	6.0000	start_turn_completed
derpy_chd_ex_offering_derpy_salted_meat	wh_main_effect_force_all_campaign_replenishment_rate	faction_to_force_own	6.0000	start_turn_completed
derpy_chd_ex_offering_derpy_sea_dragon_hide	wh_main_effect_force_stat_armour	faction_to_force_own	4.0000	start_turn_completed
derpy_chd_ex_offering_derpy_silk	wh_main_effect_economy_trade_tariff_mod	faction_to_faction_own_unseen	6.0000	start_turn_completed
derpy_chd_ex_offering_derpy_silver	wh_main_effect_economy_trade_tariff_mod	faction_to_faction_own_unseen	6.0000	start_turn_completed
derpy_chd_ex_offering_derpy_starwood	wh3_main_effect_winds_of_magic_pool_cap	faction_to_force_own	10.0000	start_turn_completed
derpy_chd_ex_offering_derpy_tea	wh_main_effect_public_order_faction	faction_to_province_own	4.0000	start_turn_completed
derpy_chd_ex_offering_derpy_warhorses	wh_main_effect_force_all_campaign_movement_range	faction_to_force_own	6.0000	start_turn_completed
derpy_chd_ex_offering_derpy_whale_oil	wh_main_effect_public_order_faction	faction_to_province_own	4.0000	start_turn_completed
derpy_chd_ex_offering_derpy_wool	wh_main_effect_force_all_campaign_movement_range	faction_to_force_own	6.0000	start_turn_completed
derpy_chd_ex_offering_derpy_wyvern_scales	wh_main_effect_force_stat_armour	faction_to_force_own	4.0000	start_turn_completed
derpy_chd_ex_offering_dyes	wh_main_effect_economy_trade_tariff_mod	faction_to_faction_own_unseen	6.0000	start_turn_completed
derpy_chd_ex_offering_gems	wh_main_effect_economy_trade_tariff_mod	faction_to_faction_own_unseen	6.0000	start_turn_completed
derpy_chd_ex_offering_gold_idols	wh2_main_effect_agent_cap_increase_all_heroes	faction_to_faction_own_unseen	2.0000	start_turn_completed
derpy_chd_ex_offering_ivory	wh_main_effect_technology_research_points	faction_to_faction_own_unseen	4.0000	start_turn_completed
derpy_chd_ex_offering_medicine	wh_main_effect_force_all_campaign_replenishment_rate	faction_to_force_own	6.0000	start_turn_completed
derpy_chd_ex_offering_obsidian	wh3_main_effect_winds_of_magic_pool_cap	faction_to_force_own	10.0000	start_turn_completed
derpy_chd_ex_offering_rom_furs	wh_main_effect_force_all_campaign_movement_range	faction_to_force_own	6.0000	start_turn_completed
derpy_chd_ex_offering_rom_glass	wh_main_effect_public_order_faction	faction_to_province_own	4.0000	start_turn_completed
derpy_chd_ex_offering_rom_iron	wh_main_effect_force_stat_armour	faction_to_force_own	4.0000	start_turn_completed
derpy_chd_ex_offering_rom_lead	wh_main_effect_force_all_campaign_replenishment_rate	faction_to_force_own	6.0000	start_turn_completed
derpy_chd_ex_offering_rom_marble	wh_main_effect_building_construction_cost_mod_all	faction_to_region_own	-6.0000	start_turn_completed
derpy_chd_ex_offering_rom_textiles	wh_main_effect_force_all_campaign_recruitment_cost_all	faction_to_force_own	-6.0000	start_turn_completed
derpy_chd_ex_offering_rom_timber	wh_main_effect_building_construction_cost_mod_all	faction_to_region_own	-6.0000	start_turn_completed
derpy_chd_ex_offering_rom_wine	wh_main_effect_public_order_faction	faction_to_province_own	4.0000	start_turn_completed
derpy_chd_ex_offering_spices	wh_main_effect_public_order_faction	faction_to_province_own	4.0000	start_turn_completed
derpy_chd_ex_offering_trinkets	wh_main_effect_economy_trade_tariff_mod	faction_to_faction_own_unseen	6.0000	start_turn_completed
derpy_chd_ex_hashut_pleased	wh_main_effect_public_order_faction	faction_to_province_own	3.0000	start_turn_completed
derpy_chd_ex_hashut_pleased	wh_main_effect_force_stat_leadership	faction_to_force_own	5.0000	start_turn_completed
derpy_chd_ex_hashut_wrath	wh_main_effect_public_order_faction	faction_to_province_own	-6.0000	start_turn_completed
derpy_chd_ex_hashut_wrath	wh_main_effect_force_all_campaign_replenishment_rate	faction_to_force_own	-10.0000	start_turn_completed
derpy_chd_ex_cth_offering_animals	wh_main_effect_public_order_faction	faction_to_province_own	4.0000	start_turn_completed
derpy_chd_ex_cth_offering_derpy_amber	wh_main_effect_economy_trade_tariff_mod	faction_to_faction_own_unseen	6.0000	start_turn_completed
derpy_chd_ex_cth_offering_derpy_black_lotus	wh2_main_effect_agent_cap_increase_all_heroes	faction_to_faction_own_unseen	2.0000	start_turn_completed
derpy_chd_ex_cth_offering_derpy_blackpowder	wh_main_effect_force_all_campaign_recruitment_cost_all	faction_to_force_own	-6.0000	start_turn_completed
derpy_chd_ex_cth_offering_derpy_books	wh_main_effect_technology_research_points	faction_to_faction_own_unseen	4.0000	start_turn_completed
derpy_chd_ex_cth_offering_derpy_brass	wh_main_effect_force_stat_armour	faction_to_force_own	4.0000	start_turn_completed
derpy_chd_ex_cth_offering_derpy_brimstone	wh3_main_effect_winds_of_magic_pool_cap	faction_to_force_own	10.0000	start_turn_completed
derpy_chd_ex_cth_offering_derpy_carpets	wh_main_effect_economy_trade_tariff_mod	faction_to_faction_own_unseen	6.0000	start_turn_completed
derpy_chd_ex_cth_offering_derpy_coal	wh_main_effect_building_construction_cost_mod_all	faction_to_region_own	-6.0000	start_turn_completed
derpy_chd_ex_cth_offering_derpy_dragon_bone	wh2_main_effect_agent_cap_increase_all_heroes	faction_to_faction_own_unseen	2.0000	start_turn_completed
derpy_chd_ex_cth_offering_derpy_feathers	wh_main_effect_force_all_campaign_movement_range	faction_to_force_own	6.0000	start_turn_completed
derpy_chd_ex_cth_offering_derpy_glassware	wh_main_effect_economy_trade_tariff_mod	faction_to_faction_own_unseen	6.0000	start_turn_completed
derpy_chd_ex_cth_offering_derpy_grain	wh_main_effect_force_all_campaign_replenishment_rate	faction_to_force_own	6.0000	start_turn_completed
derpy_chd_ex_cth_offering_derpy_gromril	wh_main_effect_force_stat_armour	faction_to_force_own	4.0000	start_turn_completed
derpy_chd_ex_cth_offering_derpy_incense	wh3_main_effect_winds_of_magic_pool_cap	faction_to_force_own	10.0000	start_turn_completed
derpy_chd_ex_cth_offering_derpy_ithilmar	wh_main_effect_force_stat_armour	faction_to_force_own	4.0000	start_turn_completed
derpy_chd_ex_cth_offering_derpy_jade	wh_main_effect_economy_trade_tariff_mod	faction_to_faction_own_unseen	6.0000	start_turn_completed
derpy_chd_ex_cth_offering_derpy_kvas	wh_main_effect_public_order_faction	faction_to_province_own	4.0000	start_turn_completed
derpy_chd_ex_cth_offering_derpy_lustrian_plumes	wh_main_effect_economy_trade_tariff_mod	faction_to_faction_own_unseen	6.0000	start_turn_completed
derpy_chd_ex_cth_offering_derpy_mead	wh_main_effect_public_order_faction	faction_to_province_own	4.0000	start_turn_completed
derpy_chd_ex_cth_offering_derpy_olive_oil	wh_main_effect_public_order_faction	faction_to_province_own	4.0000	start_turn_completed
derpy_chd_ex_cth_offering_derpy_pearls	wh_main_effect_economy_trade_tariff_mod	faction_to_faction_own_unseen	6.0000	start_turn_completed
derpy_chd_ex_cth_offering_derpy_pipeweed	wh_main_effect_public_order_faction	faction_to_province_own	4.0000	start_turn_completed
derpy_chd_ex_cth_offering_derpy_porcelain	wh_main_effect_economy_trade_tariff_mod	faction_to_faction_own_unseen	6.0000	start_turn_completed
derpy_chd_ex_cth_offering_derpy_quicksilver	wh_main_effect_technology_research_points	faction_to_faction_own_unseen	4.0000	start_turn_completed
derpy_chd_ex_cth_offering_derpy_rhinox_hides	wh_main_effect_force_stat_armour	faction_to_force_own	4.0000	start_turn_completed
derpy_chd_ex_cth_offering_derpy_rum	wh_main_effect_public_order_faction	faction_to_province_own	4.0000	start_turn_completed
derpy_chd_ex_cth_offering_derpy_salted_fish	wh_main_effect_force_all_campaign_replenishment_rate	faction_to_force_own	6.0000	start_turn_completed
derpy_chd_ex_cth_offering_derpy_salted_meat	wh_main_effect_force_all_campaign_replenishment_rate	faction_to_force_own	6.0000	start_turn_completed
derpy_chd_ex_cth_offering_derpy_sea_dragon_hide	wh_main_effect_force_stat_armour	faction_to_force_own	4.0000	start_turn_completed
derpy_chd_ex_cth_offering_derpy_silk	wh_main_effect_economy_trade_tariff_mod	faction_to_faction_own_unseen	6.0000	start_turn_completed
derpy_chd_ex_cth_offering_derpy_silver	wh_main_effect_economy_trade_tariff_mod	faction_to_faction_own_unseen	6.0000	start_turn_completed
derpy_chd_ex_cth_offering_derpy_starwood	wh3_main_effect_winds_of_magic_pool_cap	faction_to_force_own	10.0000	start_turn_completed
derpy_chd_ex_cth_offering_derpy_tea	wh_main_effect_public_order_faction	faction_to_province_own	4.0000	start_turn_completed
derpy_chd_ex_cth_offering_derpy_warhorses	wh_main_effect_force_all_campaign_movement_range	faction_to_force_own	6.0000	start_turn_completed
derpy_chd_ex_cth_offering_derpy_whale_oil	wh_main_effect_public_order_faction	faction_to_province_own	4.0000	start_turn_completed
derpy_chd_ex_cth_offering_derpy_wool	wh_main_effect_force_all_campaign_movement_range	faction_to_force_own	6.0000	start_turn_completed
derpy_chd_ex_cth_offering_derpy_wyvern_scales	wh_main_effect_force_stat_armour	faction_to_force_own	4.0000	start_turn_completed
derpy_chd_ex_cth_offering_dyes	wh_main_effect_economy_trade_tariff_mod	faction_to_faction_own_unseen	6.0000	start_turn_completed
derpy_chd_ex_cth_offering_gems	wh_main_effect_economy_trade_tariff_mod	faction_to_faction_own_unseen	6.0000	start_turn_completed
derpy_chd_ex_cth_offering_gold_idols	wh2_main_effect_agent_cap_increase_all_heroes	faction_to_faction_own_unseen	2.0000	start_turn_completed
derpy_chd_ex_cth_offering_ivory	wh_main_effect_technology_research_points	faction_to_faction_own_unseen	4.0000	start_turn_completed
derpy_chd_ex_cth_offering_medicine	wh_main_effect_force_all_campaign_replenishment_rate	faction_to_force_own	6.0000	start_turn_completed
derpy_chd_ex_cth_offering_obsidian	wh3_main_effect_winds_of_magic_pool_cap	faction_to_force_own	10.0000	start_turn_completed
derpy_chd_ex_cth_offering_rom_furs	wh_main_effect_force_all_campaign_movement_range	faction_to_force_own	6.0000	start_turn_completed
derpy_chd_ex_cth_offering_rom_glass	wh_main_effect_public_order_faction	faction_to_province_own	4.0000	start_turn_completed
derpy_chd_ex_cth_offering_rom_iron	wh_main_effect_force_stat_armour	faction_to_force_own	4.0000	start_turn_completed
derpy_chd_ex_cth_offering_rom_lead	wh_main_effect_force_all_campaign_replenishment_rate	faction_to_force_own	6.0000	start_turn_completed
derpy_chd_ex_cth_offering_rom_marble	wh_main_effect_building_construction_cost_mod_all	faction_to_region_own	-6.0000	start_turn_completed
derpy_chd_ex_cth_offering_rom_textiles	wh_main_effect_force_all_campaign_recruitment_cost_all	faction_to_force_own	-6.0000	start_turn_completed
derpy_chd_ex_cth_offering_rom_timber	wh_main_effect_building_construction_cost_mod_all	faction_to_region_own	-6.0000	start_turn_completed
derpy_chd_ex_cth_offering_rom_wine	wh_main_effect_public_order_faction	faction_to_province_own	4.0000	start_turn_completed
derpy_chd_ex_cth_offering_spices	wh_main_effect_public_order_faction	faction_to_province_own	4.0000	start_turn_completed
derpy_chd_ex_cth_offering_trinkets	wh_main_effect_economy_trade_tariff_mod	faction_to_faction_own_unseen	6.0000	start_turn_completed
derpy_chd_ex_cth_court_pleased	wh_main_effect_public_order_faction	faction_to_province_own	3.0000	start_turn_completed
derpy_chd_ex_cth_court_pleased	wh_main_effect_force_stat_leadership	faction_to_force_own	5.0000	start_turn_completed
derpy_chd_ex_cth_court_wrath	wh_main_effect_public_order_faction	faction_to_province_own	-6.0000	start_turn_completed
derpy_chd_ex_cth_court_wrath	wh_main_effect_force_all_campaign_replenishment_rate	faction_to_force_own	-10.0000	start_turn_completed
derpy_chd_ex_dwf_offering_animals	wh_main_effect_public_order_faction	faction_to_province_own	4.0000	start_turn_completed
derpy_chd_ex_dwf_offering_derpy_amber	wh_main_effect_economy_trade_tariff_mod	faction_to_faction_own_unseen	6.0000	start_turn_completed
derpy_chd_ex_dwf_offering_derpy_black_lotus	wh2_main_effect_agent_cap_increase_all_heroes	faction_to_faction_own_unseen	2.0000	start_turn_completed
derpy_chd_ex_dwf_offering_derpy_blackpowder	wh_main_effect_force_all_campaign_recruitment_cost_all	faction_to_force_own	-6.0000	start_turn_completed
derpy_chd_ex_dwf_offering_derpy_books	wh_main_effect_technology_research_points	faction_to_faction_own_unseen	4.0000	start_turn_completed
derpy_chd_ex_dwf_offering_derpy_brass	wh_main_effect_force_stat_armour	faction_to_force_own	4.0000	start_turn_completed
derpy_chd_ex_dwf_offering_derpy_brimstone	wh3_main_effect_winds_of_magic_pool_cap	faction_to_force_own	10.0000	start_turn_completed
derpy_chd_ex_dwf_offering_derpy_carpets	wh_main_effect_economy_trade_tariff_mod	faction_to_faction_own_unseen	6.0000	start_turn_completed
derpy_chd_ex_dwf_offering_derpy_coal	wh_main_effect_building_construction_cost_mod_all	faction_to_region_own	-6.0000	start_turn_completed
derpy_chd_ex_dwf_offering_derpy_dragon_bone	wh2_main_effect_agent_cap_increase_all_heroes	faction_to_faction_own_unseen	2.0000	start_turn_completed
derpy_chd_ex_dwf_offering_derpy_feathers	wh_main_effect_force_all_campaign_movement_range	faction_to_force_own	6.0000	start_turn_completed
derpy_chd_ex_dwf_offering_derpy_glassware	wh_main_effect_economy_trade_tariff_mod	faction_to_faction_own_unseen	6.0000	start_turn_completed
derpy_chd_ex_dwf_offering_derpy_grain	wh_main_effect_force_all_campaign_replenishment_rate	faction_to_force_own	6.0000	start_turn_completed
derpy_chd_ex_dwf_offering_derpy_gromril	wh_main_effect_force_stat_armour	faction_to_force_own	4.0000	start_turn_completed
derpy_chd_ex_dwf_offering_derpy_incense	wh3_main_effect_winds_of_magic_pool_cap	faction_to_force_own	10.0000	start_turn_completed
derpy_chd_ex_dwf_offering_derpy_ithilmar	wh_main_effect_force_stat_armour	faction_to_force_own	4.0000	start_turn_completed
derpy_chd_ex_dwf_offering_derpy_jade	wh_main_effect_economy_trade_tariff_mod	faction_to_faction_own_unseen	6.0000	start_turn_completed
derpy_chd_ex_dwf_offering_derpy_kvas	wh_main_effect_public_order_faction	faction_to_province_own	4.0000	start_turn_completed
derpy_chd_ex_dwf_offering_derpy_lustrian_plumes	wh_main_effect_economy_trade_tariff_mod	faction_to_faction_own_unseen	6.0000	start_turn_completed
derpy_chd_ex_dwf_offering_derpy_mead	wh_main_effect_public_order_faction	faction_to_province_own	4.0000	start_turn_completed
derpy_chd_ex_dwf_offering_derpy_olive_oil	wh_main_effect_public_order_faction	faction_to_province_own	4.0000	start_turn_completed
derpy_chd_ex_dwf_offering_derpy_pearls	wh_main_effect_economy_trade_tariff_mod	faction_to_faction_own_unseen	6.0000	start_turn_completed
derpy_chd_ex_dwf_offering_derpy_pipeweed	wh_main_effect_public_order_faction	faction_to_province_own	4.0000	start_turn_completed
derpy_chd_ex_dwf_offering_derpy_porcelain	wh_main_effect_economy_trade_tariff_mod	faction_to_faction_own_unseen	6.0000	start_turn_completed
derpy_chd_ex_dwf_offering_derpy_quicksilver	wh_main_effect_technology_research_points	faction_to_faction_own_unseen	4.0000	start_turn_completed
derpy_chd_ex_dwf_offering_derpy_rhinox_hides	wh_main_effect_force_stat_armour	faction_to_force_own	4.0000	start_turn_completed
derpy_chd_ex_dwf_offering_derpy_rum	wh_main_effect_public_order_faction	faction_to_province_own	4.0000	start_turn_completed
derpy_chd_ex_dwf_offering_derpy_salted_fish	wh_main_effect_force_all_campaign_replenishment_rate	faction_to_force_own	6.0000	start_turn_completed
derpy_chd_ex_dwf_offering_derpy_salted_meat	wh_main_effect_force_all_campaign_replenishment_rate	faction_to_force_own	6.0000	start_turn_completed
derpy_chd_ex_dwf_offering_derpy_sea_dragon_hide	wh_main_effect_force_stat_armour	faction_to_force_own	4.0000	start_turn_completed
derpy_chd_ex_dwf_offering_derpy_silk	wh_main_effect_economy_trade_tariff_mod	faction_to_faction_own_unseen	6.0000	start_turn_completed
derpy_chd_ex_dwf_offering_derpy_silver	wh_main_effect_economy_trade_tariff_mod	faction_to_faction_own_unseen	6.0000	start_turn_completed
derpy_chd_ex_dwf_offering_derpy_starwood	wh3_main_effect_winds_of_magic_pool_cap	faction_to_force_own	10.0000	start_turn_completed
derpy_chd_ex_dwf_offering_derpy_tea	wh_main_effect_public_order_faction	faction_to_province_own	4.0000	start_turn_completed
derpy_chd_ex_dwf_offering_derpy_warhorses	wh_main_effect_force_all_campaign_movement_range	faction_to_force_own	6.0000	start_turn_completed
derpy_chd_ex_dwf_offering_derpy_whale_oil	wh_main_effect_public_order_faction	faction_to_province_own	4.0000	start_turn_completed
derpy_chd_ex_dwf_offering_derpy_wool	wh_main_effect_force_all_campaign_movement_range	faction_to_force_own	6.0000	start_turn_completed
derpy_chd_ex_dwf_offering_derpy_wyvern_scales	wh_main_effect_force_stat_armour	faction_to_force_own	4.0000	start_turn_completed
derpy_chd_ex_dwf_offering_dyes	wh_main_effect_economy_trade_tariff_mod	faction_to_faction_own_unseen	6.0000	start_turn_completed
derpy_chd_ex_dwf_offering_gems	wh_main_effect_economy_trade_tariff_mod	faction_to_faction_own_unseen	6.0000	start_turn_completed
derpy_chd_ex_dwf_offering_gold_idols	wh2_main_effect_agent_cap_increase_all_heroes	faction_to_faction_own_unseen	2.0000	start_turn_completed
derpy_chd_ex_dwf_offering_ivory	wh_main_effect_technology_research_points	faction_to_faction_own_unseen	4.0000	start_turn_completed
derpy_chd_ex_dwf_offering_medicine	wh_main_effect_force_all_campaign_replenishment_rate	faction_to_force_own	6.0000	start_turn_completed
derpy_chd_ex_dwf_offering_obsidian	wh3_main_effect_winds_of_magic_pool_cap	faction_to_force_own	10.0000	start_turn_completed
derpy_chd_ex_dwf_offering_rom_furs	wh_main_effect_force_all_campaign_movement_range	faction_to_force_own	6.0000	start_turn_completed
derpy_chd_ex_dwf_offering_rom_glass	wh_main_effect_public_order_faction	faction_to_province_own	4.0000	start_turn_completed
derpy_chd_ex_dwf_offering_rom_iron	wh_main_effect_force_stat_armour	faction_to_force_own	4.0000	start_turn_completed
derpy_chd_ex_dwf_offering_rom_lead	wh_main_effect_force_all_campaign_replenishment_rate	faction_to_force_own	6.0000	start_turn_completed
derpy_chd_ex_dwf_offering_rom_marble	wh_main_effect_building_construction_cost_mod_all	faction_to_region_own	-6.0000	start_turn_completed
derpy_chd_ex_dwf_offering_rom_textiles	wh_main_effect_force_all_campaign_recruitment_cost_all	faction_to_force_own	-6.0000	start_turn_completed
derpy_chd_ex_dwf_offering_rom_timber	wh_main_effect_building_construction_cost_mod_all	faction_to_region_own	-6.0000	start_turn_completed
derpy_chd_ex_dwf_offering_rom_wine	wh_main_effect_public_order_faction	faction_to_province_own	4.0000	start_turn_completed
derpy_chd_ex_dwf_offering_spices	wh_main_effect_public_order_faction	faction_to_province_own	4.0000	start_turn_completed
derpy_chd_ex_dwf_offering_trinkets	wh_main_effect_economy_trade_tariff_mod	faction_to_faction_own_unseen	6.0000	start_turn_completed
derpy_chd_ex_dwf_ancestors_pleased	wh_main_effect_public_order_faction	faction_to_province_own	3.0000	start_turn_completed
derpy_chd_ex_dwf_ancestors_pleased	wh_main_effect_force_stat_leadership	faction_to_force_own	5.0000	start_turn_completed
derpy_chd_ex_dwf_ancestors_wrath	wh_main_effect_public_order_faction	faction_to_province_own	-6.0000	start_turn_completed
derpy_chd_ex_dwf_ancestors_wrath	wh_main_effect_force_all_campaign_replenishment_rate	faction_to_force_own	-10.0000	start_turn_completed
derpy_chd_ex_emp_offering_animals	wh_main_effect_public_order_faction	faction_to_province_own	4.0000	start_turn_completed
derpy_chd_ex_emp_offering_derpy_amber	wh_main_effect_economy_trade_tariff_mod	faction_to_faction_own_unseen	6.0000	start_turn_completed
derpy_chd_ex_emp_offering_derpy_black_lotus	wh2_main_effect_agent_cap_increase_all_heroes	faction_to_faction_own_unseen	2.0000	start_turn_completed
derpy_chd_ex_emp_offering_derpy_blackpowder	wh_main_effect_force_all_campaign_recruitment_cost_all	faction_to_force_own	-6.0000	start_turn_completed
derpy_chd_ex_emp_offering_derpy_books	wh_main_effect_technology_research_points	faction_to_faction_own_unseen	4.0000	start_turn_completed
derpy_chd_ex_emp_offering_derpy_brass	wh_main_effect_force_stat_armour	faction_to_force_own	4.0000	start_turn_completed
derpy_chd_ex_emp_offering_derpy_brimstone	wh3_main_effect_winds_of_magic_pool_cap	faction_to_force_own	10.0000	start_turn_completed
derpy_chd_ex_emp_offering_derpy_carpets	wh_main_effect_economy_trade_tariff_mod	faction_to_faction_own_unseen	6.0000	start_turn_completed
derpy_chd_ex_emp_offering_derpy_coal	wh_main_effect_building_construction_cost_mod_all	faction_to_region_own	-6.0000	start_turn_completed
derpy_chd_ex_emp_offering_derpy_dragon_bone	wh2_main_effect_agent_cap_increase_all_heroes	faction_to_faction_own_unseen	2.0000	start_turn_completed
derpy_chd_ex_emp_offering_derpy_feathers	wh_main_effect_force_all_campaign_movement_range	faction_to_force_own	6.0000	start_turn_completed
derpy_chd_ex_emp_offering_derpy_glassware	wh_main_effect_economy_trade_tariff_mod	faction_to_faction_own_unseen	6.0000	start_turn_completed
derpy_chd_ex_emp_offering_derpy_grain	wh_main_effect_force_all_campaign_replenishment_rate	faction_to_force_own	6.0000	start_turn_completed
derpy_chd_ex_emp_offering_derpy_gromril	wh_main_effect_force_stat_armour	faction_to_force_own	4.0000	start_turn_completed
derpy_chd_ex_emp_offering_derpy_incense	wh3_main_effect_winds_of_magic_pool_cap	faction_to_force_own	10.0000	start_turn_completed
derpy_chd_ex_emp_offering_derpy_ithilmar	wh_main_effect_force_stat_armour	faction_to_force_own	4.0000	start_turn_completed
derpy_chd_ex_emp_offering_derpy_jade	wh_main_effect_economy_trade_tariff_mod	faction_to_faction_own_unseen	6.0000	start_turn_completed
derpy_chd_ex_emp_offering_derpy_kvas	wh_main_effect_public_order_faction	faction_to_province_own	4.0000	start_turn_completed
derpy_chd_ex_emp_offering_derpy_lustrian_plumes	wh_main_effect_economy_trade_tariff_mod	faction_to_faction_own_unseen	6.0000	start_turn_completed
derpy_chd_ex_emp_offering_derpy_mead	wh_main_effect_public_order_faction	faction_to_province_own	4.0000	start_turn_completed
derpy_chd_ex_emp_offering_derpy_olive_oil	wh_main_effect_public_order_faction	faction_to_province_own	4.0000	start_turn_completed
derpy_chd_ex_emp_offering_derpy_pearls	wh_main_effect_economy_trade_tariff_mod	faction_to_faction_own_unseen	6.0000	start_turn_completed
derpy_chd_ex_emp_offering_derpy_pipeweed	wh_main_effect_public_order_faction	faction_to_province_own	4.0000	start_turn_completed
derpy_chd_ex_emp_offering_derpy_porcelain	wh_main_effect_economy_trade_tariff_mod	faction_to_faction_own_unseen	6.0000	start_turn_completed
derpy_chd_ex_emp_offering_derpy_quicksilver	wh_main_effect_technology_research_points	faction_to_faction_own_unseen	4.0000	start_turn_completed
derpy_chd_ex_emp_offering_derpy_rhinox_hides	wh_main_effect_force_stat_armour	faction_to_force_own	4.0000	start_turn_completed
derpy_chd_ex_emp_offering_derpy_rum	wh_main_effect_public_order_faction	faction_to_province_own	4.0000	start_turn_completed
derpy_chd_ex_emp_offering_derpy_salted_fish	wh_main_effect_force_all_campaign_replenishment_rate	faction_to_force_own	6.0000	start_turn_completed
derpy_chd_ex_emp_offering_derpy_salted_meat	wh_main_effect_force_all_campaign_replenishment_rate	faction_to_force_own	6.0000	start_turn_completed
derpy_chd_ex_emp_offering_derpy_sea_dragon_hide	wh_main_effect_force_stat_armour	faction_to_force_own	4.0000	start_turn_completed
derpy_chd_ex_emp_offering_derpy_silk	wh_main_effect_economy_trade_tariff_mod	faction_to_faction_own_unseen	6.0000	start_turn_completed
derpy_chd_ex_emp_offering_derpy_silver	wh_main_effect_economy_trade_tariff_mod	faction_to_faction_own_unseen	6.0000	start_turn_completed
derpy_chd_ex_emp_offering_derpy_starwood	wh3_main_effect_winds_of_magic_pool_cap	faction_to_force_own	10.0000	start_turn_completed
derpy_chd_ex_emp_offering_derpy_tea	wh_main_effect_public_order_faction	faction_to_province_own	4.0000	start_turn_completed
derpy_chd_ex_emp_offering_derpy_warhorses	wh_main_effect_force_all_campaign_movement_range	faction_to_force_own	6.0000	start_turn_completed
derpy_chd_ex_emp_offering_derpy_whale_oil	wh_main_effect_public_order_faction	faction_to_province_own	4.0000	start_turn_completed
derpy_chd_ex_emp_offering_derpy_wool	wh_main_effect_force_all_campaign_movement_range	faction_to_force_own	6.0000	start_turn_completed
derpy_chd_ex_emp_offering_derpy_wyvern_scales	wh_main_effect_force_stat_armour	faction_to_force_own	4.0000	start_turn_completed
derpy_chd_ex_emp_offering_dyes	wh_main_effect_economy_trade_tariff_mod	faction_to_faction_own_unseen	6.0000	start_turn_completed
derpy_chd_ex_emp_offering_gems	wh_main_effect_economy_trade_tariff_mod	faction_to_faction_own_unseen	6.0000	start_turn_completed
derpy_chd_ex_emp_offering_gold_idols	wh2_main_effect_agent_cap_increase_all_heroes	faction_to_faction_own_unseen	2.0000	start_turn_completed
derpy_chd_ex_emp_offering_ivory	wh_main_effect_technology_research_points	faction_to_faction_own_unseen	4.0000	start_turn_completed
derpy_chd_ex_emp_offering_medicine	wh_main_effect_force_all_campaign_replenishment_rate	faction_to_force_own	6.0000	start_turn_completed
derpy_chd_ex_emp_offering_obsidian	wh3_main_effect_winds_of_magic_pool_cap	faction_to_force_own	10.0000	start_turn_completed
derpy_chd_ex_emp_offering_rom_furs	wh_main_effect_force_all_campaign_movement_range	faction_to_force_own	6.0000	start_turn_completed
derpy_chd_ex_emp_offering_rom_glass	wh_main_effect_public_order_faction	faction_to_province_own	4.0000	start_turn_completed
derpy_chd_ex_emp_offering_rom_iron	wh_main_effect_force_stat_armour	faction_to_force_own	4.0000	start_turn_completed
derpy_chd_ex_emp_offering_rom_lead	wh_main_effect_force_all_campaign_replenishment_rate	faction_to_force_own	6.0000	start_turn_completed
derpy_chd_ex_emp_offering_rom_marble	wh_main_effect_building_construction_cost_mod_all	faction_to_region_own	-6.0000	start_turn_completed
derpy_chd_ex_emp_offering_rom_textiles	wh_main_effect_force_all_campaign_recruitment_cost_all	faction_to_force_own	-6.0000	start_turn_completed
derpy_chd_ex_emp_offering_rom_timber	wh_main_effect_building_construction_cost_mod_all	faction_to_region_own	-6.0000	start_turn_completed
derpy_chd_ex_emp_offering_rom_wine	wh_main_effect_public_order_faction	faction_to_province_own	4.0000	start_turn_completed
derpy_chd_ex_emp_offering_spices	wh_main_effect_public_order_faction	faction_to_province_own	4.0000	start_turn_completed
derpy_chd_ex_emp_offering_trinkets	wh_main_effect_economy_trade_tariff_mod	faction_to_faction_own_unseen	6.0000	start_turn_completed
derpy_chd_ex_emp_sigmar_pleased	wh_main_effect_public_order_faction	faction_to_province_own	3.0000	start_turn_completed
derpy_chd_ex_emp_sigmar_pleased	wh_main_effect_force_stat_leadership	faction_to_force_own	5.0000	start_turn_completed
derpy_chd_ex_emp_sigmar_wrath	wh_main_effect_public_order_faction	faction_to_province_own	-6.0000	start_turn_completed
derpy_chd_ex_emp_sigmar_wrath	wh_main_effect_force_all_campaign_replenishment_rate	faction_to_force_own	-10.0000	start_turn_completed
