unique_id	factor	resource	minimum	maximum	specific_faction_set	sort_order
#pooled_resource_factor_junctions_tables;3;db/pooled_resource_factor_junctions_tables/derpy_chd_zharr_exchange
derpy_chd_ex_factor_animals	other	derpy_chd_ex_hold_animals	-2147483647	2147483647		0
derpy_chd_ex_factor_dyes	other	derpy_chd_ex_hold_dyes	-2147483647	2147483647		0
derpy_chd_ex_factor_gems	other	derpy_chd_ex_hold_gems	-2147483647	2147483647		0
derpy_chd_ex_factor_gold_idols	other	derpy_chd_ex_hold_gold_idols	-2147483647	2147483647		0
derpy_chd_ex_factor_ivory	other	derpy_chd_ex_hold_ivory	-2147483647	2147483647		0
derpy_chd_ex_factor_medicine	other	derpy_chd_ex_hold_medicine	-2147483647	2147483647		0
derpy_chd_ex_factor_obsidian	other	derpy_chd_ex_hold_obsidian	-2147483647	2147483647		0
derpy_chd_ex_factor_rom_furs	other	derpy_chd_ex_hold_rom_furs	-2147483647	2147483647		0
derpy_chd_ex_factor_rom_glass	other	derpy_chd_ex_hold_rom_glass	-2147483647	2147483647		0
derpy_chd_ex_factor_rom_iron	other	derpy_chd_ex_hold_rom_iron	-2147483647	2147483647		0
derpy_chd_ex_factor_rom_lead	other	derpy_chd_ex_hold_rom_lead	-2147483647	2147483647		0
derpy_chd_ex_factor_rom_marble	other	derpy_chd_ex_hold_rom_marble	-2147483647	2147483647		0
derpy_chd_ex_factor_rom_textiles	other	derpy_chd_ex_hold_rom_textiles	-2147483647	2147483647		0
derpy_chd_ex_factor_rom_timber	other	derpy_chd_ex_hold_rom_timber	-2147483647	2147483647		0
derpy_chd_ex_factor_rom_wine	other	derpy_chd_ex_hold_rom_wine	-2147483647	2147483647		0
derpy_chd_ex_factor_spices	other	derpy_chd_ex_hold_spices	-2147483647	2147483647		0
derpy_chd_ex_factor_trinkets	other	derpy_chd_ex_hold_trinkets	-2147483647	2147483647		0
derpy_chd_ex_factor_armaments	other	wh3_dlc23_chd_armaments	-2147483647	2147483647		0
derpy_chd_ex_factor_raw_materials	other	wh3_dlc23_chd_raw_materials	-2147483647	2147483647		0
derpy_chd_ex_factor_derpy_amber	other	derpy_chd_ex_hold_derpy_amber	-2147483647	2147483647		0
derpy_chd_ex_factor_derpy_black_lotus	other	derpy_chd_ex_hold_derpy_black_lotus	-2147483647	2147483647		0
derpy_chd_ex_factor_derpy_blackpowder	other	derpy_chd_ex_hold_derpy_blackpowder	-2147483647	2147483647		0
derpy_chd_ex_factor_derpy_books	other	derpy_chd_ex_hold_derpy_books	-2147483647	2147483647		0
derpy_chd_ex_factor_derpy_brass	other	derpy_chd_ex_hold_derpy_brass	-2147483647	2147483647		0
derpy_chd_ex_factor_derpy_brimstone	other	derpy_chd_ex_hold_derpy_brimstone	-2147483647	2147483647		0
derpy_chd_ex_factor_derpy_carpets	other	derpy_chd_ex_hold_derpy_carpets	-2147483647	2147483647		0
derpy_chd_ex_factor_derpy_coal	other	derpy_chd_ex_hold_derpy_coal	-2147483647	2147483647		0
derpy_chd_ex_factor_derpy_dragon_bone	other	derpy_chd_ex_hold_derpy_dragon_bone	-2147483647	2147483647		0
derpy_chd_ex_factor_derpy_feathers	other	derpy_chd_ex_hold_derpy_feathers	-2147483647	2147483647		0
derpy_chd_ex_factor_derpy_glassware	other	derpy_chd_ex_hold_derpy_glassware	-2147483647	2147483647		0
derpy_chd_ex_factor_derpy_grain	other	derpy_chd_ex_hold_derpy_grain	-2147483647	2147483647		0
derpy_chd_ex_factor_derpy_gromril	other	derpy_chd_ex_hold_derpy_gromril	-2147483647	2147483647		0
derpy_chd_ex_factor_derpy_incense	other	derpy_chd_ex_hold_derpy_incense	-2147483647	2147483647		0
derpy_chd_ex_factor_derpy_ithilmar	other	derpy_chd_ex_hold_derpy_ithilmar	-2147483647	2147483647		0
derpy_chd_ex_factor_derpy_jade	other	derpy_chd_ex_hold_derpy_jade	-2147483647	2147483647		0
derpy_chd_ex_factor_derpy_kvas	other	derpy_chd_ex_hold_derpy_kvas	-2147483647	2147483647		0
derpy_chd_ex_factor_derpy_lustrian_plumes	other	derpy_chd_ex_hold_derpy_lustrian_plumes	-2147483647	2147483647		0
derpy_chd_ex_factor_derpy_mead	other	derpy_chd_ex_hold_derpy_mead	-2147483647	2147483647		0
derpy_chd_ex_factor_derpy_olive_oil	other	derpy_chd_ex_hold_derpy_olive_oil	-2147483647	2147483647		0
derpy_chd_ex_factor_derpy_pearls	other	derpy_chd_ex_hold_derpy_pearls	-2147483647	2147483647		0
derpy_chd_ex_factor_derpy_pipeweed	other	derpy_chd_ex_hold_derpy_pipeweed	-2147483647	2147483647		0
derpy_chd_ex_factor_derpy_porcelain	other	derpy_chd_ex_hold_derpy_porcelain	-2147483647	2147483647		0
derpy_chd_ex_factor_derpy_quicksilver	other	derpy_chd_ex_hold_derpy_quicksilver	-2147483647	2147483647		0
derpy_chd_ex_factor_derpy_rhinox_hides	other	derpy_chd_ex_hold_derpy_rhinox_hides	-2147483647	2147483647		0
derpy_chd_ex_factor_derpy_rum	other	derpy_chd_ex_hold_derpy_rum	-2147483647	2147483647		0
derpy_chd_ex_factor_derpy_salted_fish	other	derpy_chd_ex_hold_derpy_salted_fish	-2147483647	2147483647		0
derpy_chd_ex_factor_derpy_salted_meat	other	derpy_chd_ex_hold_derpy_salted_meat	-2147483647	2147483647		0
derpy_chd_ex_factor_derpy_sea_dragon_hide	other	derpy_chd_ex_hold_derpy_sea_dragon_hide	-2147483647	2147483647		0
derpy_chd_ex_factor_derpy_silk	other	derpy_chd_ex_hold_derpy_silk	-2147483647	2147483647		0
derpy_chd_ex_factor_derpy_silver	other	derpy_chd_ex_hold_derpy_silver	-2147483647	2147483647		0
derpy_chd_ex_factor_derpy_starwood	other	derpy_chd_ex_hold_derpy_starwood	-2147483647	2147483647		0
derpy_chd_ex_factor_derpy_tea	other	derpy_chd_ex_hold_derpy_tea	-2147483647	2147483647		0
derpy_chd_ex_factor_derpy_warhorses	other	derpy_chd_ex_hold_derpy_warhorses	-2147483647	2147483647		0
derpy_chd_ex_factor_derpy_whale_oil	other	derpy_chd_ex_hold_derpy_whale_oil	-2147483647	2147483647		0
derpy_chd_ex_factor_derpy_wool	other	derpy_chd_ex_hold_derpy_wool	-2147483647	2147483647		0
derpy_chd_ex_factor_derpy_wyvern_scales	other	derpy_chd_ex_hold_derpy_wyvern_scales	-2147483647	2147483647		0
