key	maximum	minimum	ai_ignored	default_factor	optional_icon_path	income_policy	reset_before_income	scope	has_persistent_factors	sort_order	battle_conversion	appy_income_on_creation	always_display_zero_factors	can_scale_effect_thresholds_per_unit
#pooled_resources_tables;2;db/pooled_resources_tables/derpy_chd_zharr_exchange
derpy_chd_ex_hold_animals	1000000	0	true	other		END_OF_ROUND	false	FACTION	false	0		false	true	false
derpy_chd_ex_hold_dyes	1000000	0	true	other		END_OF_ROUND	false	FACTION	false	0		false	true	false
derpy_chd_ex_hold_gems	1000000	0	true	other		END_OF_ROUND	false	FACTION	false	0		false	true	false
derpy_chd_ex_hold_gold_idols	1000000	0	true	other		END_OF_ROUND	false	FACTION	false	0		false	true	false
derpy_chd_ex_hold_ivory	1000000	0	true	other		END_OF_ROUND	false	FACTION	false	0		false	true	false
derpy_chd_ex_hold_medicine	1000000	0	true	other		END_OF_ROUND	false	FACTION	false	0		false	true	false
derpy_chd_ex_hold_obsidian	1000000	0	true	other		END_OF_ROUND	false	FACTION	false	0		false	true	false
derpy_chd_ex_hold_rom_furs	1000000	0	true	other		END_OF_ROUND	false	FACTION	false	0		false	true	false
derpy_chd_ex_hold_rom_glass	1000000	0	true	other		END_OF_ROUND	false	FACTION	false	0		false	true	false
derpy_chd_ex_hold_rom_iron	1000000	0	true	other		END_OF_ROUND	false	FACTION	false	0		false	true	false
derpy_chd_ex_hold_rom_lead	1000000	0	true	other		END_OF_ROUND	false	FACTION	false	0		false	true	false
derpy_chd_ex_hold_rom_marble	1000000	0	true	other		END_OF_ROUND	false	FACTION	false	0		false	true	false
derpy_chd_ex_hold_rom_textiles	1000000	0	true	other		END_OF_ROUND	false	FACTION	false	0		false	true	false
derpy_chd_ex_hold_rom_timber	1000000	0	true	other		END_OF_ROUND	false	FACTION	false	0		false	true	false
derpy_chd_ex_hold_rom_wine	1000000	0	true	other		END_OF_ROUND	false	FACTION	false	0		false	true	false
derpy_chd_ex_hold_spices	1000000	0	true	other		END_OF_ROUND	false	FACTION	false	0		false	true	false
derpy_chd_ex_hold_trinkets	1000000	0	true	other		END_OF_ROUND	false	FACTION	false	0		false	true	false
derpy_chd_ex_hold_derpy_amber	1000000	0	true	other		END_OF_ROUND	false	FACTION	false	0		false	true	false
derpy_chd_ex_hold_derpy_black_lotus	1000000	0	true	other		END_OF_ROUND	false	FACTION	false	0		false	true	false
derpy_chd_ex_hold_derpy_blackpowder	1000000	0	true	other		END_OF_ROUND	false	FACTION	false	0		false	true	false
derpy_chd_ex_hold_derpy_books	1000000	0	true	other		END_OF_ROUND	false	FACTION	false	0		false	true	false
derpy_chd_ex_hold_derpy_brass	1000000	0	true	other		END_OF_ROUND	false	FACTION	false	0		false	true	false
derpy_chd_ex_hold_derpy_brimstone	1000000	0	true	other		END_OF_ROUND	false	FACTION	false	0		false	true	false
derpy_chd_ex_hold_derpy_carpets	1000000	0	true	other		END_OF_ROUND	false	FACTION	false	0		false	true	false
derpy_chd_ex_hold_derpy_coal	1000000	0	true	other		END_OF_ROUND	false	FACTION	false	0		false	true	false
derpy_chd_ex_hold_derpy_dragon_bone	1000000	0	true	other		END_OF_ROUND	false	FACTION	false	0		false	true	false
derpy_chd_ex_hold_derpy_feathers	1000000	0	true	other		END_OF_ROUND	false	FACTION	false	0		false	true	false
derpy_chd_ex_hold_derpy_glassware	1000000	0	true	other		END_OF_ROUND	false	FACTION	false	0		false	true	false
derpy_chd_ex_hold_derpy_grain	1000000	0	true	other		END_OF_ROUND	false	FACTION	false	0		false	true	false
derpy_chd_ex_hold_derpy_gromril	1000000	0	true	other		END_OF_ROUND	false	FACTION	false	0		false	true	false
derpy_chd_ex_hold_derpy_incense	1000000	0	true	other		END_OF_ROUND	false	FACTION	false	0		false	true	false
derpy_chd_ex_hold_derpy_ithilmar	1000000	0	true	other		END_OF_ROUND	false	FACTION	false	0		false	true	false
derpy_chd_ex_hold_derpy_jade	1000000	0	true	other		END_OF_ROUND	false	FACTION	false	0		false	true	false
derpy_chd_ex_hold_derpy_kvas	1000000	0	true	other		END_OF_ROUND	false	FACTION	false	0		false	true	false
derpy_chd_ex_hold_derpy_lustrian_plumes	1000000	0	true	other		END_OF_ROUND	false	FACTION	false	0		false	true	false
derpy_chd_ex_hold_derpy_mead	1000000	0	true	other		END_OF_ROUND	false	FACTION	false	0		false	true	false
derpy_chd_ex_hold_derpy_olive_oil	1000000	0	true	other		END_OF_ROUND	false	FACTION	false	0		false	true	false
derpy_chd_ex_hold_derpy_pearls	1000000	0	true	other		END_OF_ROUND	false	FACTION	false	0		false	true	false
derpy_chd_ex_hold_derpy_pipeweed	1000000	0	true	other		END_OF_ROUND	false	FACTION	false	0		false	true	false
derpy_chd_ex_hold_derpy_porcelain	1000000	0	true	other		END_OF_ROUND	false	FACTION	false	0		false	true	false
derpy_chd_ex_hold_derpy_quicksilver	1000000	0	true	other		END_OF_ROUND	false	FACTION	false	0		false	true	false
derpy_chd_ex_hold_derpy_rhinox_hides	1000000	0	true	other		END_OF_ROUND	false	FACTION	false	0		false	true	false
derpy_chd_ex_hold_derpy_rum	1000000	0	true	other		END_OF_ROUND	false	FACTION	false	0		false	true	false
derpy_chd_ex_hold_derpy_salted_fish	1000000	0	true	other		END_OF_ROUND	false	FACTION	false	0		false	true	false
derpy_chd_ex_hold_derpy_salted_meat	1000000	0	true	other		END_OF_ROUND	false	FACTION	false	0		false	true	false
derpy_chd_ex_hold_derpy_sea_dragon_hide	1000000	0	true	other		END_OF_ROUND	false	FACTION	false	0		false	true	false
derpy_chd_ex_hold_derpy_silk	1000000	0	true	other		END_OF_ROUND	false	FACTION	false	0		false	true	false
derpy_chd_ex_hold_derpy_silver	1000000	0	true	other		END_OF_ROUND	false	FACTION	false	0		false	true	false
derpy_chd_ex_hold_derpy_starwood	1000000	0	true	other		END_OF_ROUND	false	FACTION	false	0		false	true	false
derpy_chd_ex_hold_derpy_tea	1000000	0	true	other		END_OF_ROUND	false	FACTION	false	0		false	true	false
derpy_chd_ex_hold_derpy_warhorses	1000000	0	true	other		END_OF_ROUND	false	FACTION	false	0		false	true	false
derpy_chd_ex_hold_derpy_whale_oil	1000000	0	true	other		END_OF_ROUND	false	FACTION	false	0		false	true	false
derpy_chd_ex_hold_derpy_wool	1000000	0	true	other		END_OF_ROUND	false	FACTION	false	0		false	true	false
derpy_chd_ex_hold_derpy_wyvern_scales	1000000	0	true	other		END_OF_ROUND	false	FACTION	false	0		false	true	false
